MD_ID,box,Dmd_m2_s,window_ps,can_SMILES,T_K,Dmd×10-9/m2·s-1,Dpred×10-9/m2·s-1,ln(Dmd×10-9/m2·s-1),ln(Dpred×10-9/m2·s-1),ref
1050,35,1.0406941820932122e-12,1224.5,NCCC(=O)NO,300,0.0010406941820932,1.535787306204388,-6.867867305714485,0.4290431526140906,MD
184,35,3.4221961010768364e-12,1724.5,Clc1ccccc1C(c1ccccc1)(c1ccccc1)n1ccnc1,300,0.0034221961010768,1.4633012170904376,-5.677472799170191,0.3806949908595168,MD
1242,35,9.18999070086389e-13,1499.5,CC(=O)NCCCC[C@H](NC(=O)[C@H](CCCCNC(C)=S)NC(=O)[C@H](CNC(C)=O)NC(C)=O)C(N)=O,300,0.0009189990700863,1.5957929029307263,-6.992225447484724,0.4673707305395837,MD
910,35,3.723316002642462e-12,1349.5,CCCCCCCCCc1nc(O)cc(O)n1,300,0.0037233160026424,1.35312801350255,-5.593140609197052,0.3024189592750969,MD
249,35,2.388244794445833e-12,449.5,O=C(O)c1ccccc1Nc1cccc(C(F)(F)F)c1,300,0.0023882447944458,1.6088772319254252,-6.037196578468662,0.4755365642448841,MD
1193,35,1.7419258840775661e-12,1049.5,NCCCNCCCOCCCNCCCN,300,0.0017419258840775,1.9109535524368244,-6.3527639479107405,0.6476023595921772,MD
62,35,1.0311736863390753e-12,949.5,C[C@]12CC[C@H]3[C@@H](CCC4=CC(=O)CC[C@@]43C)[C@@H]1CC[C@@H]2C(=O)CO,300,0.001031173686339,1.606792572084475,-6.87705762417942,0.474240000692003,MD
250,35,1.0379954342733369e-12,299.5,CC(=O)OCC(=O)[C@@]12OC(C)(C)O[C@@H]1C[C@H]1[C@@H]3C[C@H](F)C4=CC(=O)C=C[C@]4(C)[C@@]3(F)[C@@H](O)C[C@@]12C,300,0.0010379954342733,1.5399160172484754,-6.87046389282875,0.4317278806842545,MD
706,35,3.791856094565641e-12,1949.5,Cc1cnc(Nc2ccc(N3CCC(N(C)CC4CCCO4)CC3)c(F)c2)nc1-c1cnn(C(C)C)c1,300,0.0037918560945656,1.2208156415685878,-5.57489964505483,0.19951919402215806,MD
1416,35,1.0642424840750507e-11,1749.5,CCCCCCCCCCCCOCCOCCOCCOCCOCCOCCOCCOCCO,300,0.0106424248407505,3.063310150621039,-4.542906922466796,1.119496079864878,MD
342,35,1.9873106964523225e-12,499.5,CCCN1C(=O)CCC(N2C(=O)c3ccccc3C2=O)C1=O,300,0.0019873106964523,1.6393828231009122,-6.2209729630401025,0.4943198436296965,MD
845,35,2.161058534739345e-12,1874.5,O=C(O)c1ccc(CCN2C(=O)CCN2CCC(O)Cc2cccc(OC(F)(F)F)c2)cc1,300,0.0021610585347393,1.1036504257681252,-6.137157114948109,0.09862325438684705,MD
1452,35,1.0410875057580532e-11,1474.5,CCCCC(CC)C(=O)OCCOCCOCCOCCOC(=O)C(CC)CCCC,300,0.0104108750575805,1.3613051252284378,-4.56490434056235,0.3084438904806742,MD
1326,35,2.9089302483961803e-12,1099.5,CCC(N)CCNCCCCNC(=O)OCC(=O)NCCCCCCN=C(N)N,300,0.0029089302483961,1.4942852256077253,-5.839969877619695,0.4016479825502511,MD
600,35,1.1042780965188696e-09,1949.5,BrCCBr,300,1.1042780965188697,1.4464688208186127,0.09919181515438744,0.369125290288927,MD
1405,35,8.156690673363654e-13,1224.5,O=C(CCCCC(=O)NCCCNCCCNCCCNCCCNCc1ccccc1-c1ccccc1)NO,300,0.0008156690673363,1.3984417788057755,-7.111501839994657,0.33535860162114556,MD
969,35,2.2553707690158123e-12,1774.5,COc1ccc(N(CC(=O)N2CCN(Cc3ccccc3)CC2)S(C)(=O)=O)cc1OC,300,0.0022553707690158,1.037815413896763,-6.094440898693543,0.037117940314478605,MD
730,35,2.8388055497297397e-12,1949.5,CC(C)C[C@H](NC(=O)[C@H](CO)NC(=O)[C@H](CC1CCCN1)NC(=O)OCc1ccccc1)C(=O)NCc1ccccc1,300,0.0028388055497297,1.4835095228015749,-5.864371896359144,0.39441057987311484,MD
1431,35,1.3777232909844444e-12,1449.5,O=C(CCCCC(=O)NCCCNCCCNCCCNCCCNCC1CC1)NO,300,0.0013777232909844,1.6373103884674,-6.587322931355525,0.49305488852035684,MD
1314,35,6.13541687091849e-13,1149.5,CC(C)C[C@H](NC(=O)[C@H](CCCCN)NC(=O)[C@@H](N)CC(C)C)C(=O)N[C@@H](CCCCN)C(N)=O,300,0.0006135416870918,1.5691217771107622,-7.396262346501893,0.4505160852137212,MD
634,35,6.549536753927588e-12,1549.5,CCCCCCCCCCCCCCCC(=O)O,300,0.0065495367539275,1.6132146810797872,-5.028360956427299,0.47822888457062446,MD
1138,35,2.0865373444592163e-11,1874.5,NCCCCCCCCN,300,0.0208653734445921,1.9009522728908381,-3.8696642669635355,0.6423549568738366,MD
1104,35,1.3038858960829545e-12,799.5,CCN(CC)CCN(CCNC[C@H](O)c1ccc(O)c2[nH]c(=O)sc12)C(=O)CCOCCc1cccc(Cl)c1,300,0.0013038858960829,1.1879224161512634,-6.642406322310198,0.17220591253792555,MD
153,35,1.6824366382182213e-12,1399.5,CC(C)(c1ccc(OCC2CO2)cc1)c1ccc(OCC2CO2)cc1,300,0.0016824366382182,1.1946803314160628,-6.387512156460197,0.17787864450644417,MD
813,35,4.021531600627551e-12,1949.5,COC1CCC2(CC1)Cc1cc(F)c(C#CC3CC3)cc1C21N=C(N)N(C)C1=O,300,0.0040215316006275,1.2304526413562378,-5.516092453730471,0.20738210279116026,MD
1220,35,3.175818390905727e-12,1349.5,CCCCCCCCCCCCCC(C(=O)O)C(O)(CC(=O)OC)C(=O)O,300,0.0031758183909057,1.4670479549016875,-5.7521899189369385,0.38325218772110603,MD
1212,35,2.9057773090343675e-10,1949.5,CCCCCCCCSCC,300,0.2905777309034367,2.6237649986231997,-1.235884162222635,0.9646103086197205,MD
1367,35,1.1198639274847022e-12,524.5,CCCCCCCCCCCCCCCCNC(=N)N/N=C/CCNCCCNCCCCNCCCN,300,0.0011198639274847,1.7512989719185759,-6.794548094373277,0.560357782257296,MD
126,35,2.546421439044732e-12,949.5,Cc1c(N(C)C)c(=O)n(-c2ccccc2)n1C,300,0.0025464214390447,1.302349645227,-5.973066262677176,0.2641700524558962,MD
306,35,3.748429384627255e-12,1174.5,NCCCC[C@H](N)C(=O)O,300,0.0037484293846272,1.6507529686697873,-5.586418357500001,0.5012315284672932,MD
999,35,1.549656647043864e-10,1949.5,CN(C)CCOCCN(C)C,300,0.1549656647043863,1.442713778836637,-1.864551704637852,0.36652590865291845,MD
41,35,4.085506187480181e-10,1949.5,COCCOC(C)=O,300,0.4085506187480182,1.3732445581626251,-0.8951394586549094,0.31717623048934046,MD
1437,35,1.3428913291319428e-12,1899.5,Nc1ccn(C[C@@H](CO)OCP(=O)(O)OCCOCCOCCOCCOCCOCCO)c(=O)n1,300,0.0013428913291319,1.2378246268763378,-6.612930281221357,0.21335550580814328,MD
744,35,6.66247544355127e-13,324.5,Nc1ccc(-c2nn(CCCCC(=O)NO)c3ncnc(N)c23)cn1,300,0.0006662475443551,1.3166006495085376,-7.313849268261969,0.27505314937411945,MD
705,35,1.1083218131705318e-12,1624.5,Oc1cccc2c3c([nH]c12)C(C1=C[C@@]2(O)CC/C=C\CCCCN4CC[C@@H]1[C@]1(C[C@@H]5/C=C\CCCCN5[C@H]12)C4)=NCC3,300,0.0011083218131705,2.241725926670513,-6.8049082877283285,0.8072460721598246,MD
176,35,1.8331611314514286e-09,1949.5,N#CCCl,300,1.833161131451429,1.5307246261253753,0.606041870859556,0.42574123513230305,MD
108,35,5.62674957345394e-12,1549.5,O=C(O)CCCCCCCc1ccccc1,300,0.0056267495734539,1.487598062814837,-5.180223343972405,0.39716278084612117,MD
949,35,5.477927811484649e-12,299.5,CCCCCCCCCCCCOCC#CCOC[C@H]1O[C@@H]2OC(C)(C)O[C@@H]2[C@H]2OCO[C@H]21,300,0.0054779278114846,1.4343685883091133,-5.207028386124283,0.36072474423263473,MD
415,35,9.624236840263305e-13,1899.5,C[C@]12CC[C@H]3[C@@H](CCC4=CC(=O)CC[C@@]43C)[C@@H]1CC[C@@H]2O,300,0.0009624236840263,1.64518530144005,-6.946055784269224,0.49785302312564517,MD
379,35,3.2815601220004364e-12,1349.5,Oc1cc(O)cc(O)c1,300,0.0032815601220004,1.5226959938712874,-5.719436322718897,0.4204824439234697,MD
896,35,2.209039699296084e-12,1149.5,CC(=O)O[C@H]1[C@H](O)[C@@H]2[C@H](Cc3occc3[C@@]2(C)O)[C@@]2(C)CCCC(C)(C)[C@H]12,300,0.002209039699296,1.633345713477713,-6.115197383091339,0.49063049609997805,MD
145,35,6.422242877822119e-11,1949.5,CC(=O)/C=C/c1ccccc1,300,0.0642224287782212,1.4593439745202994,-2.7454027713812708,0.37798700221979503,MD
1318,35,1.6159477849311124e-12,1224.5,CN(C)CCCNCCCNC(=O)CCNC(=O)[C@H](O)C(C)(C)CO,300,0.0016159477849311,1.5744601721588865,-6.427833630710267,0.4539124656905043,MD
1105,35,1.681505807507211e-12,824.5,OCCCCCCCCCCCCCCCC/N=C1/SC[C@@H]2[C@@H](O)[C@H](O)CCN12,300,0.0016815058075072,1.481159533360338,-6.38806557302411,0.3928252495115132,MD
1447,35,3.122370893514881e-12,1524.5,CC1(C)OC(COCCOCCCCCO)C(COCCOCCCCCO)O1,300,0.0031223708935148,1.7649146993993876,-5.769162663972345,0.5681023602651903,MD
854,35,1.0536983519977568e-12,1399.5,O=C(CCCCCCNC(=O)c1cnc(N2CCCCC2)nc1)NO,300,0.0010536983519977,1.161929237370063,-6.855449063374725,0.15008175930351458,MD
245,35,1.016163949310769e-12,224.5,CCC[C@@](C)(O)[C@H]1C[C@@]23C=C[C@]1(OC)[C@@H]1Oc4c(O)ccc5c4[C@@]12CCN(C)[C@@H]3C5,300,0.0010161639493107,1.8669551005185,-6.891720575412379,0.6243088152712072,MD
24,35,2.676328885726632e-12,1699.5,Cn1c(N)nc2c3cccnc3ccc21,300,0.0026763288857266,1.2094221318512504,-5.923309242277478,0.19014266855000336,MD
196,35,2.514435850167241e-11,1874.5,CCN(CC)C(=O)c1cccc(C)c1,300,0.0251443585016724,1.422965992980413,-3.683121721647359,0.35274342070578607,MD
1052,35,1.783613581658397e-12,1749.5,CCCCC[C@@H](CC(=O)NO)C(=O)N[C@@H](CC(C)C)C(=O)OC,300,0.0017836135816583,1.5295039729781255,-6.329113870495439,0.42494348217205447,MD
1205,35,3.2782663998134904e-12,724.5,CCCCCCCCCCCCCCCCCC(=O)NCCOCCOCCN,300,0.0032782663998134,1.6558856755932367,-5.720440532953067,0.5043360171024266,MD
1076,35,1.626844719956358e-12,1174.5,Cn1cnnc1SCC(=O)N/N=C/c1ccc(OCC(N)=O)cc1,300,0.0016268447199563,1.162441828336526,-6.4211128947858604,0.150522817086702,MD
1127,35,4.45841171502486e-12,999.5,CNCCCNCCCCCCCNCCCNC,300,0.0044584117150248,2.149087542274826,-5.4129626940825775,0.7650433531149109,MD
327,35,7.188118129651007e-11,1849.5,C1COCCN1,300,0.07188118129651,1.1996635990799875,-2.6327407829153704,0.18204118339299533,MD
1395,35,1.1292635831355829e-12,1624.5,N=C(N)NCC[C@@H](N)C(=O)NCCCCCNCCCCCCCNC(=O)CNC(=O)Cc1ccc(O)cc1O,300,0.0011292635831355,1.687873347637113,-6.786189555044518,0.5234693623381299,MD
1059,35,5.394991309569753e-12,1224.5,Cc1cc(=O)c(O)cc2c1C[C@H]1CC(C)(C)/C=C/C[C@@]3(C)Oc4cc(O)c(=O)cc(C)c4C[C@@H]3C[C@H](O)[C@]1(C)O2,300,0.0053949913095697,1.5369477495314505,-5.222284291103791,0.42979846887871026,MD
17,35,4.996535749612109e-12,1949.5,Nc1ccc(N)cc1,300,0.0049965357496121,1.5009229820072005,-5.299010456757155,0.4060802402137454,MD
916,35,1.707587844548222e-12,1374.5,CCN(CC)CC(O)Cn1nc2c3c(c(NCCNCCO)ccc31)C(=O)c1c(O)ccc(O)c1-2,300,0.0017075878445482,1.2263902366736625,-6.372673521547944,0.20407508757970702,MD
317,35,1.3912031647290178e-10,1549.5,COC(=O)c1cccnc1,300,0.1391203164729017,1.3854070555680504,-1.9724161341191044,0.3259939993955146,MD
1113,35,3.8163836011592274e-13,1624.5,Nc1nc(N)c2nc(CNc3ccc(C(=O)NC(CCCNC(=O)CCC(=O)O)C(=O)O)cc3)cnc2n1,300,0.0003816383601159,1.1811767059979754,-7.871037099029647,0.1665111500683673,MD
270,35,1.0943302998330852e-12,1124.5,C[C@]12CCC(=O)C=C1CC[C@@H]1[C@@H]2[C@@H](O)C[C@@]2(C)[C@H]1CC[C@]2(O)C(=O)COC(=O)CCC(=O)O,300,0.001094330299833,1.5814054926847123,-6.817612701142248,0.45831400395377486,MD
198,35,3.435092877337111e-11,1774.5,CC(=O)CC(C)(C)O,300,0.0343509287733711,1.2272421207517377,-3.371126222153226,0.20476947368830772,MD
1238,35,1.2673396022062025e-12,799.5,CCCCCCCCCCCCNC(=O)C(N)CCN,300,0.0012673396022062,1.577054272122263,-6.67083537708951,0.45555872217773236,MD
322,35,5.7635786760566085e-12,1774.5,COCCc1ccc(OCC(O)CNC(C)C)cc1,300,0.0057635786760566,1.1385145310254752,-5.1561966992734956,0.12972436974760718,MD
301,35,9.28744992149112e-13,1899.5,N[C@@H](Cc1ccc(O)c(O)c1)C(=O)O,300,0.0009287449921491,1.6649947130351743,-6.981676353980113,0.5098219480731161,MD
348,35,7.903398919797318e-12,1899.5,NC(=O)c1cccnc1,300,0.0079033989197973,1.3545139572289377,-4.840462369024831,0.3034426868302244,MD
1441,35,2.202979885085088e-12,1649.5,N=C(N)NCCCCCCN(CCCCCCN)C(=O)N(CCCCCCN)CCCCCCNC(=N)N,300,0.002202979885085,1.6955971632291749,-6.1179443418958535,0.5280349874760584,MD
955,35,8.438524201878846e-13,299.5,O=C(CC1C[C@H](O)CO1)N[C@H]1CC[C@H](CCN2CCN(c3nccc4c3CCO4)CC2)CC1,300,0.0008438524201878,1.1992632444643379,-7.077532936255082,0.18170740529513965,MD
1109,35,1.4103689237776716e-12,1849.5,O=C(CC[C@H]1O[C@@H](n2ccc(=O)[nH]c2=O)[C@H](O)[C@@H]1O)N[C@@H](Cc1ccccc1)C(=O)NCc1ccccc1,300,0.0014103689237776,1.4166455910447258,-6.563903960746726,0.3482918172479481,MD
407,35,2.206850362345368e-12,1299.5,CC(=O)OC[C@]12C[C@H](OC(=O)CC(C)C)C(C)=C[C@H]1O[C@@H]1[C@H](O)[C@@H](OC(C)=O)[C@@]2(C)[C@]12CO2,300,0.0022068503623453,1.5653305855375876,-6.1161889553902515,0.44809703845000415,MD
926,35,9.27372980764405e-13,549.5,CCCN(CCC)Cc1ccc2c(C(=O)OCC)c(NC(=O)c3ccccc3)sc2c1O,300,0.0009273729807644,1.297646717656813,-6.983154720823824,0.26055240685731157,MD
1455,35,6.658967890511572e-13,1524.5,NCCCNCCCCNCCCNCCCNCCCNC(=O)Cc1ccc(O)cc1O,300,0.0006658967890511,1.3830445133398135,-7.314375870827937,0.32428723823827843,MD
981,35,3.902872527357822e-12,1799.5,O=C(Cc1nccn1Cc1ccccc1)Nc1ccc(CCNC[C@H](O)COc2ccccc2)cc1,300,0.0039028725273578,1.1784632101158379,-5.546042451486678,0.16421122535550897,MD
1443,35,1.105485287163803e-11,1724.5,CCCCCCCCCCCCOCCOCCOCCOCCOCCOCCOCCOCCOCCO,300,0.011054852871638,1.6863643225810505,-4.504885773523117,0.5225749231763684,MD
915,35,2.5252457957688027e-12,574.5,C=C1C(=O)[C@]23C[C@H]1C[C@H](OC(C)=O)[C@H]2[C@@]1(C)[C@H]([C@@H](OC(C)=O)[C@@H]3OC(C)=O)C(C)(C)[C@@H](O)C[C@@H]1O,300,0.0025252457957688,1.5921346467395003,-5.981416876133586,0.4650756609434263,MD
316,35,2.1066645988972967e-10,1949.5,COS(C)(=O)=O,300,0.2106664598897296,1.6540899741377373,-1.5574791550399647,0.5032509930287207,MD
1310,35,4.242002066242702e-12,1599.5,CCNCCCCNC/C=C(/CS)CNCCCCNCC,300,0.0042420020662427,1.7982740792557264,-5.462719935748134,0.5868273600583982,MD
834,35,4.3176089858141095e-11,1949.5,CCCOC(S)=Nc1ccccc1,300,0.043176089858141,1.305752777919938,-3.1424684124621756,0.26677971578361676,MD
72,35,1.13334156879114e-10,1949.5,Oc1ccc(Br)cc1,300,0.113334156879114,1.4179473441370503,-2.1774146834860235,0.34921029352556865,MD
280,35,1.15730953795206e-11,1474.5,Oc1ccc(O)cc1,300,0.0115730953795206,1.372954029154438,-4.459072238594762,0.31696464418191694,MD
1064,35,1.870515612903871e-12,1949.5,CON(C)C(=O)CNC(=O)CNC(=O)[C@H](C)NC(=O)[C@H](CC(C)C)NC(=O)OCc1ccccc1,300,0.0018705156129038,1.373456661202488,-6.281541157296287,0.3173306725078528,MD
32,35,3.4543268241022647e-10,1949.5,CCOCCOC(C)=O,300,0.3454326824102264,1.3258337447689628,-1.0629574958286563,0.282041502883932,MD
903,35,9.987902663032745e-13,749.5,CCCSc1nc(NCCO)c2nnn([C@@H]3C[C@H](O)[C@@H](O)[C@H]3O)c2n1,300,0.0009987902663032,1.4559409460363366,-6.9089657449974125,0.3756523899109765,MD
562,35,1.2557968356331272e-09,1949.5,Cc1ccccn1,300,1.255796835633127,1.368242893926138,0.22777029989307845,0.31352735747908034,MD
1355,35,7.933801760041618e-12,1249.5,CCNC/C=C\CNC/C=C\CNC/C=C\CNC/C=C\CNCC,300,0.0079338017600416,1.745178004692475,-4.836622943332533,0.5568565588716419,MD
1347,35,2.1978079353859024e-12,899.5,NCCCNCCCCNCCCNC(=O)CCCC(=O)NCCCNCCCCNCCCN,300,0.0021978079353859,1.7814096688515753,-6.120294808353774,0.5774049996710355,MD
1053,35,3.5095423715611145e-11,1424.5,C=CCCCC1(CCCC=C)CNC1=O,300,0.0350954237156111,1.2643098097897874,-3.349684535482947,0.23452636837370447,MD
802,35,6.746257529213398e-13,524.5,C[C@@H]1CN2c3c(cc4c(N5C(=O)OC[C@@H]5c5cnccn5)noc4c3F)CC3(C(=O)NC(=O)NC3=O)[C@H]2[C@H](C)O1,300,0.0006746257529213,1.2774669747472382,-7.301352460967094,0.24487919129169522,MD
535,35,1.026646952376219e-09,1949.5,COC(=O)OC,300,1.0266469523762192,1.3561111739092255,0.026298105902052855,0.3046211728162023,MD
1172,35,2.595839892296895e-12,949.5,C=CC1C=CC=CC1/C=C/OCC(=O)NC(C(=O)NC(Cc1ccccc1)C(O)CC(=O)NCCCC)C(C)CC,300,0.0025958398922968,1.422327063450501,-5.953845156812368,0.35229430736105877,MD
258,35,2.6690605386586864e-12,849.5,COC1=CC(=O)C[C@@H](C)[C@]12Oc1c(Cl)c(OC)cc(OC)c1C2=O,300,0.0026690605386586,1.2759646748921127,-5.9260287266668925,0.24370250028555196,MD
560,35,5.02840725024328e-10,1949.5,CC(F)([N+](=O)[O-])[N+](=O)[O-],300,0.5028407250243281,2.107331667887712,-0.6874818090776486,0.7454225348154716,MD
1399,35,4.227248165338727e-12,499.5,CCNCCCCNCCCCNCCCCNCCCCNCC,300,0.0042272481653387,1.5689298996912,-5.4662040495540625,0.4503937944170337,MD
536,35,3.6892732725301687e-10,1949.5,CCOC(=O)OCC,300,0.3689273272530168,1.3198504977730123,-0.9971555994516211,0.2775184709210954,MD
1254,35,2.2955917981877864e-12,1074.5,CCCCCCCCCNC(=N)NC(=N)NCCCCNC(=N)NC(=N)NCCCCCCCCC,300,0.0022955917981877,1.5591014655098636,-6.076764604576796,0.44410967167161813,MD
699,35,6.962667895184476e-13,324.5,O=C(CCc1noc2c1ccc1c(F)c(O)ccc12)NC1=C(C(=O)O)CCCC1,300,0.0006962667895184,1.215087155013225,-7.269777652803972,0.1948158067410303,MD
74,35,5.090945210419678e-11,1949.5,CCCCc1ccc(O)cc1,300,0.0509094521041967,1.4958432969281246,-2.9777066731726176,0.40269012602312865,MD
772,35,1.566188623902228e-12,1124.5,Cc1nc2ccccc2c2oc(C(=O)N3CCCC(C)C3)cc12,300,0.0015661886239022,1.232866892036975,-6.459110239176434,0.20934226380236343,MD
124,35,3.9883643101884376e-12,1624.5,CC(C=O)Cc1ccc2c(c1)OCO2,300,0.0039883643101884,1.1088651041448125,-5.524374079452943,0.10333706358911181,MD
468,35,9.720237247207512e-12,1274.5,CCCCCCCCCCCCCCCCCCCCCCCCCCCCCCCCCCCC,300,0.0097202372472075,2.7301241369182003,-4.6335452526587435,1.0043470795616838,MD
1348,35,3.6107961555338938e-12,1574.5,CCCCCCCC(=O)NCCCN(CCCNCCCCNCCCN)CCCNC(=O)CCCCCCC,300,0.0036107961555338,1.663624351997226,-5.623826989253979,0.5089985669119825,MD
580,35,7.804066640631401e-12,1574.5,C[Si](C)(C)O[Si](C)(C)O[Si](C)(C)O[Si](C)(C)O[Si](C)(C)C,300,0.0078040666406314,1.6176062645139628,-4.853110316966164,0.4809474419978635,MD
1098,35,1.826658660727556e-12,1699.5,CCCCCCCCC(=O)NCc1ccc(OCC(O)CNCCCC)c(OC)c1,300,0.0018266586607275,1.2136998830257753,-6.305266849513339,0.1936734487519713,MD
951,35,8.431040183456875e-12,899.5,C=C(C)[C@@H]1CC(=O)C[C@]23O[C@]4(C)C[C@H]5OC(=O)[C@H]([C@H]5[C@H]4C2=O)[C@H]3C1,300,0.0084310401834568,1.516446017469376,-4.775835123897482,0.4163694507238484,MD
1134,35,1.410763774408006e-12,649.5,CC(=O)N[C@@H](CCCCN)C(=O)N[C@@H](CCCCN)C(=O)NCCCCNC(N)=O,300,0.001410763774408,1.568421104073225,-6.563624037272562,0.4500694471432827,MD
1451,35,1.6180670692098812e-10,1949.5,CCCCCCOCCOCCO,300,0.1618067069209881,1.4003313893631255,-1.8213528232948002,0.3367089152985518,MD
1266,35,2.4524492098325413e-12,1599.5,O=C(CCCCCC(=O)N(CCO)CCO)N(CCO)CCO,300,0.0024524492098325,1.255932662938926,-6.0106680762876215,0.2278784542990434,MD
550,35,4.622722786946247e-12,649.5,c1ccc(Nc2ccccc2)cc1,300,0.0046227227869462,1.3792759074083756,-5.3767713996618625,0.32155865668685063,MD
1161,35,4.0395799634043597e-11,1324.5,C=CCCCCCCCCCNO,300,0.0403957996340436,1.4367009085714002,-3.2090294688745975,0.3623494494359513,MD
1365,35,3.694686051550743e-12,1074.5,CCCCCCCCCCCCCCCCCC(=O)N(CCCN)CCCN,300,0.0036946860515507,1.6350651863399381,-5.600859693942591,0.49168267287551953,MD
760,35,2.670268677727471e-12,1474.5,Cc1nc(C(=N)NOC(=O)Cc2ccccc2)no1,300,0.0026702686777274,1.1318523025791252,-5.92557618327035,0.1238554965149971,MD
98,35,9.101676144110637e-13,699.5,CCCCC1(CC)C(=O)NC(=O)NC1=O,300,0.000910167614411,1.669402564778812,-7.00188178375414,0.512465816780996,MD
746,35,3.52362857721378e-10,1949.5,C=C(CBr)C(=O)OC,300,0.352362857721378,1.6290724827044998,-1.0430937885413434,0.48801082384457406,MD
332,35,3.9574284021195905e-11,1299.5,CCCCCCNCc1ccc(C)cc1,300,0.0395742840211959,1.5153857375526496,-3.229575765073073,0.4156700187991088,MD
631,35,1.373489315847242e-11,1424.5,CCCCCCCCCC(=O)O,300,0.0137348931584724,1.5523635882421742,-4.287815738244012,0.43977866509851093,MD
93,35,7.0758028429316e-11,1924.5,OCCCCc1ccccc1,300,0.070758028429316,1.3293081114888,-2.648489272863973,0.28465858994817683,MD
683,35,1.4751040112716353e-12,1874.5,CCCCCCOCC#CCOc1ccccc1CCC(=O)OCCCOP(=O)(O)OC[C@H](N)C(=O)O,300,0.0014751040112716,1.5623541577579252,-6.519026775560159,0.44619375923713284,MD
511,35,5.709194763103717e-11,1924.5,COCCOCCOCCOCCOCCOC,300,0.0570919476310371,1.7719092427949619,-2.8630921944882597,0.5720576334869012,MD
1202,35,3.7407434698227706e-11,1949.5,CNCCCCCCCCNC,300,0.0374074346982277,1.4411438884134622,-3.285885805594845,0.36543716519926117,MD
592,35,4.83252424209642e-10,1949.5,C[Si](C)(C)Br,300,0.483252424209642,1.1523577202438255,-0.7272161444352145,0.14181003511700543,MD
146,35,4.4798840655734696e-12,1074.5,CC(C)COCC(CN(Cc1ccccc1)c1ccccc1)N1CCCC1,300,0.0044798840655734,1.2134974832764371,-5.408158111110313,0.19350667224453333,MD
166,35,1.3007739858670546e-12,1374.5,CCCCOC(=O)c1ccc(N)cc1,300,0.001300773985867,1.4645396085269005,-6.644795817935432,0.3815409326876918,MD
759,35,4.724557393402211e-13,999.5,CC[C@@H]1NC(=O)[C@H](CCCNC(=N)NC)NC(=O)[C@](C)(NC(=O)C(C)C)CCNC(=O)[C@@H](c2ccccc2)NC1=O,300,0.0004724557393402,1.5837201750207504,-7.657566488772173,0.4597766206026461,MD
883,35,1.921661017947201e-12,1649.5,CN(CC1CC1)S(=O)(=O)NCC1CCCCC1NS(C)(=O)=O,300,0.0019216610179472,1.5314342863833883,-6.254565353423293,0.42620473836057715,MD
1179,35,2.7217841373597e-12,1549.5,CC(O)CCCCCCCC(=O)O,300,0.0027217841373596,1.2884150954866251,-5.906467680851366,0.2534128548659289,MD
1117,35,1.871330743126363e-12,1949.5,CCCCCCCCN(CCN(CCN(CCN(CC(=O)O)CC(=O)O)CC(=O)O)CC(=O)O)CC(=O)O,300,0.0018713307431263,1.7616143882241122,-6.281105473862048,0.5662306546550757,MD
1402,35,5.222546893410477e-12,999.5,CCSCCNCCCNCCCNCCCNCCSCC,300,0.0052225468934104,1.726994176002488,-5.254770085462252,0.5463824268383504,MD
838,35,2.7819571751002205e-12,1499.5,C=C1C(=O)O[C@H]2[C@H]1CC/C(COC(=O)c1ccc3nc(O)ccc3c1)=C/CC[C@@]1(C)O[C@@H]21,300,0.0027819571751002,1.5938600452155132,-5.884600579165077,0.4661587755192585,MD
256,35,1.8341201223490946e-10,1949.5,CC(C)=CCC/C(C)=C/CO,300,0.1834120122349095,1.5651858517569377,-1.696020223840573,0.4480045720575401,MD
552,35,2.659479062664743e-10,1949.5,C1CCNCC1,300,0.2659479062664743,1.4042819665530002,-1.324454830483291,0.33952611631800345,MD
1055,35,1.2032995517734648e-12,974.5,CCCCCCP(=O)(O)COc1ccc(C[C@@H](C)NC[C@H](O)COc2ccc(O)c3c2CCC(=O)N3)cc1,300,0.0012032995517734,1.2795751559920254,-6.722687869018024,0.2465281134561858,MD
25,35,6.922129111068821e-12,1224.5,Nc1cc([N+](=O)[O-])ccc1O,300,0.0069221291110688,1.7146205126040996,-4.973031881664866,0.5391917806833744,MD
1423,35,1.9344602568967722e-12,474.5,C=CCc1ccccc1OCC(O)CNCCOCCOCCOCCOCCNC(=O)CS(=O)(=O)O,300,0.0019344602568967,1.258376741076613,-6.247926928414843,0.22982258965772226,MD
1397,35,1.13477081429855e-12,999.5,NCCCNCCCCNCCCNC(=O)CCCCCC(=O)NCCCNCCCCNCCCN,300,0.0011347708142985,1.7459032735290003,-6.781324574166709,0.5572720569876461,MD
42,35,1.487603065914777e-11,1674.5,Oc1ccc2ccccc2c1,300,0.0148760306591477,1.247289062787213,-4.208004041940818,0.22097244640043648,MD
1184,35,2.7811206752845025e-10,1949.5,CCC(C)(C)c1ccccc1,300,0.2781120675284502,1.3049989592942879,-1.2797311259168456,0.2662022432986973,MD
1147,35,4.460532518404523e-11,1374.5,CCCCN(CCCC)C(=O)S,300,0.0446053251840452,1.580982970986775,-3.1099020283381735,0.45804678712996894,MD
336,35,9.369310672760598e-11,1949.5,CCCCCCCCCO,300,0.0936931067276059,1.562960565550325,-2.367730659918837,0.44658182114685807,MD
1128,35,2.5483915623536568e-12,1649.5,CCCCCCCCCCCCC/C=C/[C@@H](O)[C@@H](N)COP(=O)([O-])OCC[N+](C)(C)C,300,0.0025483915623536,1.7264991719774991,-5.972292878685828,0.546095758251791,MD
1163,35,2.5008710276872338e-12,949.5,CCCCC[C@H](C[C@H](N)C(=O)O)C(=O)O,300,0.0025008710276872,1.6792370115299502,-5.991116196714146,0.5183395304497671,MD
895,35,1.1633657086504513e-12,1249.5,CC[C@@H](NCC(=O)O)C(=O)NC1(C(=O)NCc2ccc(C(=N)N)cc2)Cc2ccccc2C1,300,0.0011633657086504,1.3067467918126754,-6.756438002037708,0.26754068351905347,MD
898,35,8.810520076776325e-13,449.5,COCc1cn(CCOC[C@@H](NC(C)=O)C(=O)NCc2ccccc2)nn1,300,0.0008810520076776,1.2095298323451498,-7.034393901219255,0.1902317157866287,MD
1232,35,3.771010546114497e-12,974.5,CCCCCCCCCCCCCC/C=C\OC[C@@H](O)COP(=O)(O)OCCN,300,0.0037710105461144,1.8579390536298246,-5.580412264073816,0.6194678377168443,MD
1413,35,2.5871555397678973e-12,1224.5,CCCCCCCCCCCCCCCCNCCCNCCCNCCCCNCCCNCCCN,300,0.0025871555397678,1.694232729455988,-5.957196253979953,0.5272299713601662,MD
394,35,3.677035760269024e-12,1174.5,CCCOC(=O)c1ccc(O)cc1,300,0.003677035760269,1.2933396466896263,-5.605648351317582,0.2572277464162094,MD
287,35,1.3868494343273944e-11,1399.5,O=C(O)c1ccncc1,300,0.0138684943432739,1.5141246738472496,-4.278135605466877,0.41483749894805266,MD
1101,35,4.681844443444345e-12,1449.5,O=S(=O)(NCCCCCCc1ccccc1)NS(=O)(=O)NCCCCCCc1ccccc1,300,0.0046818444434443,1.346711159426325,-5.364063134847184,0.2976654419371315,MD
429,35,2.956949512150526e-13,624.5,C[C@]12C=CC(=O)C=C1CC[C@H]1[C@@H]3C[C@@H](O)[C@](O)(C(=O)CO)[C@@]3(C)C[C@H](O)[C@@]12F,300,0.000295694951215,1.589368974917413,-8.126182205262428,0.46333706633683,MD
724,35,2.7386758934839403e-12,1199.5,Cn1c(N2CCO[C@@H](c3ccc(NC(=O)N4CCOCC4)cc3)C2)nc(-c2ccncc2F)cc1=O,300,0.0027386758934839,1.1205347827075747,-5.90028072593866,0.11380605590785951,MD
1258,35,1.6202607597592197e-12,824.5,CCCCCCCCO[C@@H]1[C@@H](N)[C@@H](O[C@H]2[C@H](O)[C@@H](OCCCCCCCC)[C@H](N)C[C@@H]2N)O[C@H](CN)[C@H]1O,300,0.0016202607597592,2.0084383921531135,-6.425168179876647,0.6973575007859467,MD
434,35,9.394445228141768e-12,1599.5,Oc1cc(Cl)ccc1Oc1ccc(Cl)cc1Cl,300,0.0093944452281417,1.6849796349296884,-4.667636697552418,0.5217534776361472,MD
1218,35,1.7618567754663407e-11,1624.5,CCCCCCCCCCc1cccc(O)c1,300,0.0176185677546634,1.3322881692592003,-4.038801946984315,0.286897892007051,MD
286,35,3.081335675399248e-11,1949.5,C/C=C/c1ccc(O)c(OC)c1,300,0.0308133567539924,1.689899000172451,-3.4798070221623867,0.5246687639375227,MD
117,35,4.121430255937784e-09,1949.5,C=CC=O,300,4.121430255937784,1.587276082130588,1.4162002526184514,0.4620193912097333,MD
172,35,5.6326790646179674e-11,1949.5,Cc1ccc(C(C)C)cc1O,300,0.0563267906461796,1.4068231864424374,-2.8765850018477312,0.3413341031725408,MD
729,35,1.2641218147098109e-12,399.5,C[C@]12CC[C@@H]3c4ccc(OC(=O)NCCC(=O)NC(P(=O)(O)O)P(=O)(O)O)cc4CC[C@H]3[C@@H]1CC[C@@H]2O,300,0.0012641218147098,1.5606249824181253,-6.673377615503999,0.4450863707859816,MD
622,35,1.532522391942916e-10,1949.5,OCCCO,300,0.1532522391942916,1.564720567787512,-1.8756700928905607,0.44770725711550363,MD
284,35,5.055173017403364e-10,1949.5,CC(C)CCO,300,0.5055173017403365,1.6170080318761884,-0.6821730141234902,0.48057754772931777,MD
1231,35,4.794214786429485e-13,724.5,CC(=O)CC[C@H](NC(=O)[C@H](CCCNC(=N)N)NC(=O)CS)C(N)=O,300,0.0004794214786429,1.5484048292140118,-7.642930433790943,0.4372252585578847,MD
836,35,1.2296300005452197e-12,724.5,N#Cc1nc(N2CCOCC2)nc(N(Cc2cccc(C(F)(F)F)c2)C2C3CC4CC(C3)CC2C4)n1,300,0.0012296300005452,1.2841855408298872,-6.701041967415864,0.2501246970322936,MD
632,35,1.2680030061650196e-11,1874.5,CCCCCCCCCCCC(=O)O,300,0.0126800300616501,1.5750710544448123,-4.367726959183273,0.4543003851932077,MD
737,35,2.0954292715713227e-12,1924.5,COC(=O)c1ccnc(O[C@@H]2CC[C@@H](C)N(C(=O)c3ccccc3-n3nccn3)C2)c1,300,0.0020954292715713,1.2017911624306248,-6.167996843699773,0.18381307927992266,MD
963,35,3.416304732781298e-12,1099.5,CCCCC[C@H](O)/C=C/[C@H]1CCC(=O)[C@@H]1CCCCCCC(=O)N1CCCCC1CO,300,0.0034163047327812,1.5785089486747004,-5.679195799545924,0.456480698100062,MD
362,35,2.5847278830455226e-12,999.5,CCCCCCCCOC(=O)c1ccc(O)cc1,300,0.0025847278830455,1.514196501287463,-5.958135044243433,0.4148849360830677,MD
1315,35,5.707488806705068e-12,1499.5,CCCCCCCCCCCCCCCCCC(=O)OCCO,300,0.005707488806705,1.5117867845585502,-5.165976140717744,0.41329225231011596,MD
864,35,3.4892599695565053e-12,1924.5,CCC(CC)Nc1ccc(C(CC(N)=O)NC(=O)c2ccccc2)cc1[N+](=O)[O-],300,0.0034892599695565,1.1612289909320876,-5.65806560835914,0.14947891921225331,MD
1316,35,8.441973501958686e-11,1899.5,Cc1ccc(SSc2ccc(C)cc2)cc1,300,0.0844197350195868,1.161224757880613,-2.471954077467266,0.14947527388542872,MD
1146,35,1.123840291650921e-12,1224.5,C[N+](C)(C)CCOP(=O)([O-])OCCCCCCCCCCCCCCCCOP(=O)([O-])OCC[N+](C)(C)C,300,0.0011238402916509,1.6843683213768006,-6.791003626884835,0.5213906100620509,MD
1259,35,1.826095141318479e-12,674.5,CCCCCCCCCCCCCCCC(=O)NC[C@@H]1C[N+](C)(C)C[C@@H](CC(=O)[O-])O1,300,0.0018260951413184,1.6419466438342,-6.305575394487411,0.4958825158824211,MD
1002,35,6.935072914393945e-13,649.5,CCOP(=O)(CNC(Cc1ccc(-c2ccccc2)cc1)C(=O)NCCC(=O)O)OCC,300,0.0006935072914393,1.1263698293242255,-7.273748804293066,0.11899992101695055,MD
1132,35,1.0806076622849458e-11,699.5,CCCCCCCCCCCCCCC(O)CN,300,0.0108060766228494,2.0021005106143615,-4.527646652816441,0.6941968847348735,MD
1081,35,2.0142943118411645e-11,1299.5,CCCCOc1ccc(Oc2ccccc2)cc1,300,0.0201429431184116,1.636488978806838,-3.9049012693784535,0.4925530803240392,MD
1126,35,1.8207960958438268e-11,1024.5,C=CC(N)CCC(=O)O,300,0.0182079609584382,1.4069861603212634,-4.005896365238769,0.3414499417805799,MD
662,35,4.496518523479095e-12,1499.5,Cc1ccc(-n2cc(COc3cccc4cccnc34)nn2)cc1,300,0.004496518523479,1.112715004424563,-5.404451843085441,0.10680297878958722,MD
175,35,2.8955745364129884e-10,1949.5,O=C(O)CCl,300,0.2895574536412988,1.4562377170915997,-1.2394015434855616,0.3758562036810915,MD
43,35,1.0668581168904225e-12,799.5,Nc1ccc(N)c([N+](=O)[O-])c1,300,0.0010668581168904,1.9331682175416753,-6.843037289365247,0.6591602205172501,MD
1072,35,3.7020234783185396e-12,1724.5,CCNC(=O)[C@H]1OC(n2cnc3c(N)nc(C#Cc4ccc([N+](=O)[O-])cc4)nc32)[C@H](O)[C@@H]1O,300,0.0037020234783185,1.1481595755295873,-5.598875722787598,0.13816029131189583,MD
1221,35,8.831123658414365e-12,1124.5,NCCCCN(CCCN)CCCCC1CC1,300,0.0088311236584143,1.3586127185506,-4.729473017828896,0.30646411924353795,MD
556,35,4.158256979882311e-09,1949.5,C[N+](=O)[O-],300,4.158256979882311,1.9492138515583124,1.4250959912495493,0.667426138240598,MD
1068,35,7.10592716608558e-13,1924.5,COC12[C@@H]3N[C@@H]3CN1C1=C(C(=O)C(Nc3ccc(S(N)(=O)=O)cc3)=C(C)C1=O)[C@@H]2COC(N)=O,300,0.0007105927166085,1.6155173336373008,-7.249411124066098,0.47965523580535624,MD
1043,35,6.896823882158523e-13,149.5,C[C@@H](O)[C@H]1C(=O)N2C(C(=O)[O-])=C(Sc3nc(-c4ccc[n+](C)c4)cs3)[C@H](C)[C@H]12,300,0.0006896823882158,1.5004047085780752,-7.2792793732803505,0.4057348774358638,MD
584,35,1.2125057262081388e-10,1949.5,C[Si]1(C)O[Si](C)(C)O[Si](C)(C)O1,300,0.1212505726208138,1.548086964421113,-2.109896026529809,0.4370199521561893,MD
1385,35,1.6374217247709506e-12,624.5,CCCCCOC(=O)[C@H](CC(C)C)NP(=O)(CCCC(=O)N(C)O)N[C@@H](CC(C)C)C(=O)OCCCCC,300,0.0016374217247709,1.5519831287234127,-6.4146323932640295,0.4395335510340367,MD
1435,35,6.778935193452162e-13,774.5,Nc1nc(N)nc(NCCCNCCCCCCCNCCCNCCCNc2nc(N)nc(N)n2)n1,300,0.0006778935193452,1.4947883998586133,-7.29652033347097,0.4019846582690116,MD
1148,35,1.4104839676574719e-11,1174.5,NCCOCCOCCN,300,0.0141048396765747,1.460018902134551,-4.2612373010178235,0.37844938230393843,MD
1368,35,5.474604532175589e-12,1249.5,[C-]#[N+]c1ccccc1C=C1CCCCC1,300,0.0054746045321755,1.6696128669853,-5.207635237454516,0.5125917833786736,MD
835,35,4.263529862312962e-12,499.5,COc1cccc(Oc2c(NS(=O)(=O)c3ccc(C(C)(C)C)cc3)ncnc2SCCOc2ncccn2)c1,300,0.0042635298623129,1.0991843588320749,-5.4576578556287,0.0945684127923435,MD
1003,35,2.89790802315386e-12,1224.5,C=CC(=O)Nc1cccc(CC(=O)CCCC)c1,300,0.0028979080231538,1.314013168364463,-5.843766173629476,0.27308594159855226,MD
1106,35,2.080768145686696e-12,574.5,CCCCCCCCCCC(C(=O)O)C1CCCC1,300,0.0020807681456866,1.2856950829362004,-6.175018152632806,0.2512994926753041,MD
761,35,5.807996306677453e-12,1624.5,CO[C@@H]1C(=O)C=CC[C@H]1OCc1ccccc1,300,0.0058079963066774,1.6483837378781374,-5.1485196373624955,0.4997952550359836,MD
1345,35,2.4925391819964795e-12,949.5,NCCCNCCCCNCCCNC(=O)CCCCCCCCC(=O)NCCCNCCCCNCCCN,300,0.0024925391819964,1.7822539156823007,-5.994453336293403,0.5778788080575418,MD
11,35,7.666864551891811e-10,1949.5,CC(=O)C(Cl)Cl,300,0.7666864551891811,1.1813173143979,-0.2656773549497836,0.16663018393586226,MD
576,35,1.1687192389365994e-10,1374.5,CC(C)O[Si](OC(C)C)(OC(C)C)OC(C)C,300,0.1168719238936599,1.4352893324289122,-2.1466766113460927,0.3613664542739196,MD
958,35,1.3643463047780917e-12,924.5,COc1cc(/C=C/c2ccc(OC)c(OC)c2)c(O[C@H]2O[C@H](CO)[C@H](O)[C@H](O)[C@H]2O)c(OC)c1,300,0.001364346304778,1.471356140720475,-6.597079862651827,0.3861845202156236,MD
964,35,2.536435540684128e-12,774.5,CCCC(=O)NC(C(=O)OCC)(C(=O)OCC)C(C)C(=O)c1ccccc1,300,0.0025364355406841,1.4688672830036,-5.976995513981364,0.38449154798008045,MD
1107,35,5.208709773758035e-13,424.5,COC(=O)c1ccccc1CS(=O)(=O)N[C@H](CO)C(=O)NCC(=O)NCc1ccc(C(=N)N)cc1,300,0.0005208709773758,1.3969754136964507,-7.560008191072116,0.33430948076165123,MD
604,35,1.8652111116751567e-09,1949.5,CCI,300,1.8652111116751569,1.6312359220060133,0.6233742432981894,0.4893379618637416,MD
1349,35,1.852727310743404e-12,1924.5,NCCCNCCCCNCCCNC(=O)CCC(=O)NCCCNCCCCNCCCN,300,0.0018527273107434,1.7496207838369882,-6.29109650346692,0.5593990695033871,MD
978,35,1.82865438255685e-12,1549.5,CS(=O)(=O)N(CCCCCCC(=O)O)CCCC1(O)CCCCC1,300,0.0018286543825568,1.2272528596582126,-6.30417489268011,0.20477822408833765,MD
1362,35,2.966662203890682e-12,1574.5,CCCCNC(=O)C(=O)NCCCC/C=C\CCCCCCC(=O)OCCOCCOCCO,300,0.0029666622038906,1.570539222177524,-5.8203177952198235,0.45141901400978196,MD
644,35,1.791596092920576e-12,1874.5,CCOc1ccc2[nH]c(C(C)O)nc2c1,300,0.0017915960929205,1.1402715231742127,-6.324648384410187,0.13126641226946775,MD
315,35,4.3795606835790444e-10,1949.5,C=C(C)C(=O)O,300,0.4379560683579044,1.6005875934340748,-0.8256366741888574,0.47037080772376366,MD
1243,35,1.345241242207036e-12,1274.5,NCCCC[C@H](COC(N)=O)NC(=O)CN(CCCCN)C(=O)OC[C@@H](N)CCC/N=C(/N)N[N+](=O)[O-],300,0.001345241242207,1.8107687781578883,-6.611181919776129,0.5937514944152759,MD
144,35,7.662758053047319e-12,1324.5,O=C(OCc1ccccc1)c1cccnc1,300,0.0076627580530473,1.2881948206080378,-4.87138330089082,0.2532418744798425,MD
345,35,1.6202950177365434e-12,224.5,CCCCCC(=O)Nc1ccn([C@@H]2O[C@H](CO)[C@@H](O)[C@@H]2O)c(=O)n1,300,0.0016202950177365,1.4715700460705494,-6.425147036603916,0.38632988937330837,MD
1284,35,2.410843347989637e-12,1399.5,CCCCCCCCCCCCS(=O)(=O)C[C@H]1NC(CO)C(O)C1O,300,0.0024108433479896,1.7402412604398259,-6.027778655768074,0.5540237590398499,MD
520,35,2.026998872360128e-12,574.5,COc1ccc(C2(c3ccc(OC)c(C)c3)OC(=O)c3ccccc32)cc1C,300,0.0020269988723601,1.1217822373446005,-6.201198967822197,0.11491870390059607,MD
998,35,3.1062339970198097e-12,1874.5,NCCCCCCN=C(N)N,300,0.0031062339970198,1.5819711359901496,-5.7743442199974595,0.4586716239136231,MD
1155,35,1.2335421212650326e-12,899.5,CC1CC2C3CCC4=CC(=O)C=CC4(C)[C@@]3(F)C(O)CC2(C)[C@@]1(O)C(=O)CO[C@@H]1O[C@H](CO)[C@@H](O)[C@H](O)[C@H]1O,300,0.001233542121265,1.6460788760913752,-6.69786547481542,0.49839602096786095,MD
689,35,6.230912464830801e-13,549.5,CC1(C)CC(=O)C2=C(C1)N=C1NN=C(c3ccc(Cl)cc3)N1C2c1ccc(Cl)cc1,300,0.000623091246483,1.5266768016131629,-7.380817586846912,0.42309334804719045,MD
921,35,8.849352329688662e-13,749.5,O=c1ccn([C@H]2C[C@H](O)[C@@H](CO)O2)c(=O)n1CCc1ccccc1,300,0.0008849352329688,1.45727202817955,-7.029996098720459,0.3765662140959048,MD
1311,35,2.870882952123151e-12,1699.5,CCCCCCCCCCCCCCCCO[C@H]1O[C@H](COC[C@@H](O)CO)[C@@H](O)[C@H](O)[C@H]1NC(=O)CCCC,300,0.0028708829521231,1.695668107250326,-5.853135647701423,0.5280768267398747,MD
195,35,5.6144773886282695e-11,1924.5,CCCCCCCCCCO,300,0.0561447738862826,1.5053027733122253,-2.8798216762828237,0.4089940562477508,MD
1384,35,1.7473129508846905e-12,1724.5,CCNCCCCNCCCCNCCCCNC/C=C/CNCCCCNCCCCNCCCCNCC,300,0.0017473129508846,1.6261324597076625,-6.349676127705698,0.48620447134249306,MD
277,35,4.048958811951235e-13,974.5,C[C@]12CCC(=O)C=C1CC[C@@H]1[C@@H]2[C@@H](O)C[C@@]2(C)[C@H]1CC[C@]2(O)C(=O)COC(=O)CCC(N)=O,300,0.0004048958811951,1.5115186213169876,-7.811880607378243,0.41311485492132105,MD
1426,35,3.8841785541940736e-12,1749.5,CC(C)=CCC/C(C)=C\CCC(C)=CCNCCNCCNCCNCCNCCN,300,0.003884178554194,1.7744808793242373,-5.550843757881096,0.5735079177993826,MD
352,35,1.418599684117554e-11,1949.5,O=C(O)c1cccnc1,300,0.0141859968411755,1.4754551568068623,-4.255499938874232,0.3889665230765022,MD
934,35,1.2853486281086645e-12,1349.5,CCS(=O)(=O)N1CCOC2(COCCN(C(C)=O)C2)C1,300,0.0012853486281086,1.3080708234919627,-6.656725291510661,0.2685533979697266,MD
299,35,1.7138722941139917e-12,1824.5,CCNC(=O)[C@@H]1CCCN1C(=O)[C@H](CCCN=C(N)N)NC(=O)[C@H](CC(C)C)NC(=O)[C@@H](CC(C)C)NC(=O)[C@H](Cc1ccc(O)cc1)NC(=O)[C@H](CO)NC(=O)[C@H](Cc1c[nH]c2ccccc12)NC(=O)[C@H](Cc1cnc[nH]1)NC(=O)[C@@H]1CCC(=O)N1,300,0.0017138722941139,1.5946959221228132,-6.368999969100517,0.4666830736247395,MD
819,35,7.886675679185923e-13,549.5,CN(C)C(=O)[C@]1(Cc2cccc(Nc3cc[nH]n3)n2)CC[C@@H](Oc2cccc(Cl)c2F)CC1,300,0.0007886675679185,1.19886502038955,-7.1451656593409005,0.18137529288540372,MD
48,35,5.7852395357647357e-11,1349.5,CCCC(CO)c1ccccc1,300,0.0578523953576473,1.3381920527379372,-2.8498604198444886,0.2913194885789085,MD
159,35,1.8881992236321567e-09,1949.5,ClC(Cl)Br,300,1.8881992236321568,1.3727158409121751,0.6356235831479692,0.31679114317550894,MD
142,35,3.6746484313784337e-10,1949.5,OCc1ccccc1,300,0.3674648431378434,1.3351422213942754,-1.0011276298364655,0.2890378190575957,MD
849,35,6.386964989717341e-12,1374.5,CCCCC/C=C\CC1OC1CCCCCCCCCC(=O)O,300,0.0063869649897173,1.678195372753575,-5.053496085908659,0.5177190331824673,MD
712,35,5.7267631578642e-12,924.5,COc1cccc(/C=C/C(=O)c2ccc(C)c([N+](=O)[O-])c2)c1,300,0.0057267631578642,1.4721816214133128,-5.162604801783666,0.38674539680779585,MD
753,35,3.146349201548176e-12,1824.5,Cc1noc(CN[C@@H](C)c2cccc(OC(C)C)c2)n1,300,0.0031463492015481,1.3070234876688256,-5.761512481921037,0.26775240515301335,MD
1051,35,2.183034422853156e-12,674.5,NC(=O)COc1ccc(OCCNCC(O)COc2ccccc2F)cc1,300,0.0021830344228531,1.1280587494613377,-6.1270394329389735,0.12049823457539811,MD
681,35,6.416909779613109e-13,999.5,CCC(c1cccc(NC(=O)c2cccc(C(F)(F)F)n2)c1)N1CCC(C(=O)NC2CCCCC2)CC1,300,0.0006416909779613,1.0731863213338126,-7.351403712896325,0.07063209380585823,MD
1177,35,8.713979876841206e-12,1149.5,CCCCCCCCCCCCCCCCN,300,0.0087139798768412,1.868256223769075,-4.742826660580212,0.6250054951590309,MD
231,35,2.508499399375637e-12,1749.5,C[C@]12CC[C@@H]3c4ccc(O)cc4CC[C@H]3[C@@H]1CCC2=O,300,0.0025084993993756,2.18694636657165,-5.988070553475674,0.7825062176498174,MD
424,35,1.7579409802973596e-12,1549.5,CC(C)(C)NC[C@H](O)COc1nsnc1N1CCOCC1,300,0.0017579409802973,1.1601109845438131,-6.343612052354777,0.14851567687245842,MD
1191,35,5.4602310738667214e-11,1924.5,CCCCCNCC(=O)O,300,0.0546023107386672,1.5801398963721247,-2.9076790759057842,0.4575133851269371,MD
897,35,1.4828534222379341e-12,1599.5,CC(C)=CCC/C(C)=C\Cc1c(O)ccc(C(=O)/C=C/c2ccc(O)cc2)c1O,300,0.0014828534222379,1.585271569357175,-6.513787059390977,0.460755729786578,MD
983,35,7.705081368743902e-13,724.5,CC=C1CC[C@H]2[C@@H]3CCC4=CC(=O)CC[C@]4(C)[C@H]3CC[C@]12C,300,0.0007705081368743,2.8240070235310633,-7.16846034274812,1.0381568067139735,MD
624,35,9.72601781290873e-11,1949.5,OCCCCO,300,0.0972601781290873,1.4187458938879625,-2.3303656425349346,0.3497733080675021,MD
182,35,9.86748872076576e-11,1699.5,OC/C=C/c1ccccc1,300,0.0986748872076576,1.4438654533170874,-2.315924800502969,0.3673238597562384,MD
373,35,9.19948871804066e-12,1224.5,O=C(O)C(F)(F)C(F)(F)C(F)(F)C(F)(F)C(F)(F)C(F)(F)C(F)(F)F,300,0.0091994887180406,1.4320163430035122,-4.688607370597463,0.3590834811852792,MD
1406,35,8.592616702182258e-13,399.5,COC(=O)N1c2c(ccc3c2OCO3)[C@@]23CCN4C[C@@H]5O[C@@H]5[C@@]5([C@@H](O)[C@@](O)(C(=O)OC)[C@@]12C[C@@H]5O)[C@H]43,300,0.0008592616702182,1.6110419574112,-7.05943706046075,0.4768811481829399,MD
992,35,2.5843688024232397e-12,949.5,CCCCCCCCCP(=O)(OCC)OCCN1C(=O)c2ccccc2C1=O,300,0.0025843688024232,1.1324592881276128,-5.958273977850107,0.12439162905569338,MD
695,35,1.5033598589882843e-11,1449.5,C=CCN1C(=O)C=C(C)OS1(=O)=O,300,0.0150335985898828,1.7246011000194748,-4.197467676737446,0.5449957773762377,MD
133,35,3.765724768272754e-12,1949.5,N[C@@H](CC(=O)O)C(=O)O,300,0.0037657247682727,1.857926980584112,-5.581814934723069,0.6194613396108302,MD
1448,35,1.570343391778315e-12,1049.5,NCCCN(CCCN)CCN(CCN(CCCN)CCCN)CCN(CCCN)CCCN,300,0.0015703433917783,1.9170098845769,-6.456460962659946,0.6507666203240271,MD
708,35,5.896702337095469e-11,1874.5,N[C@H]1C[C@H]1c1ccccc1,300,0.0589670233709546,1.8707978422335991,-2.830776917249758,0.6263649934765829,MD
1303,35,1.1959043771086309e-12,999.5,NCC(=O)CNCCCCCCCCNCC(=O)CN,300,0.0011959043771086,1.6422091511532881,-6.7288525789003835,0.4960423787732424,MD
18,35,2.557310475495898e-11,1949.5,C(CCCOCC1CO1)CCOCC1CO1,300,0.0255731047549589,1.2498619625890754,-3.666214075268337,0.2230331152876366,MD
