can_SMILES,T_K,Dexp×10-9/m2·s-1,box,window_ps,Dmd×10-9/m2·s-1,Dpred×10-9/m2·s-1,ref,target
CCCCC,297.16,5.75,,,,,acs.iecr.2c03342,5.75
CCCCC,298.16,5.96,,,,,acs.iecr.2c03342,5.96
CCCCC,298.2,5.62,,,,,acs.iecr.2c03342,5.62
CCCCCC,298.16,4.175909091,,,,,acs.iecr.2c03342,4.175909091
CCCCCC,298.2,4.19,,,,,acs.iecr.2c03342,4.19
CCCCCCC,296.0677189,2.974094012,,,,,acs.iecr.2c03342,2.974094012
CCCCCCC,296.7181467,3.008437232,,,,,acs.iecr.2c03342,3.008437232
CCCCCCC,297.7666532,3.013502812,,,,,acs.iecr.2c03342,3.013502812
CCCCCCC,298.16,3.1512,,,,,acs.iecr.2c03342,3.1512
CCCCCCC,298.2496992,3.018576922,,,,,acs.iecr.2c03342,3.018576922
CCCCCCC,299.5307287,3.139428962,,,,,acs.iecr.2c03342,3.139428962
CCCCCCC,299.7,3.04,,,,,acs.iecr.2c03342,3.04
CCCCCCC,300.0,3.16,,,,,acs.iecr.2c03342,3.16
CCCCCCCC,295.16,2.2,,,,,acs.iecr.2c03342,2.2
CCCCCCCC,297.3419325,1.830686335,,,,,acs.iecr.2c03342,1.830686335
CCCCCCCC,298.16,2.3364,,,,,acs.iecr.2c03342,2.3364
CCCCCCCCC,298.16,1.866,,,,,acs.iecr.2c03342,1.866
CCCCCCCCC,299.0313226,1.678736407,,,,,acs.iecr.2c03342,1.678736407
CCCCCCCCCC,297.1627993,1.305685777,,,,,acs.iecr.2c03342,1.305685777
CCCCCCCCCC,298.0,1.4,,,,,acs.iecr.2c03342,1.4
CCCCCCCCCC,298.16,1.472,,,,,acs.iecr.2c03342,1.472
CCCCCCCCCC,298.4697841,1.332625624,,,,,acs.iecr.2c03342,1.332625624
CCCCCCCCCC,299.3976983,1.319241431,,,,,acs.iecr.2c03342,1.319241431
CCCCCCCCCC,299.774925,1.352956944,,,,,acs.iecr.2c03342,1.352956944
CCCCCCCCCCC,298.16,1.141,,,,,acs.iecr.2c03342,1.141
CCCCCCCCCCCC,298.16,0.8465,,,,,acs.iecr.2c03342,0.8465
CCCCCCCCCCCCC,298.16,0.7285,,,,,acs.iecr.2c03342,0.7285
CCCCCCCCCCCCCC,295.16,0.59,,,,,acs.iecr.2c03342,0.59
CCCCCCCCCCCCCC,298.16,0.559987575,,,,,acs.iecr.2c03342,0.559987575
CCCCCCCCCCCCCCC,298.16,0.461,,,,,acs.iecr.2c03342,0.461
CCCCCCCCCCCCCCCC,298.16,0.387,,,,,acs.iecr.2c03342,0.387
CCC(C)C,298.66,4.85,,,,,acs.iecr.2c03342,4.85
CCC(C)(C)C,298.16,3.51,,,,,acs.iecr.2c03342,3.51
CC(C)C(C)C,298.16,3.82,,,,,acs.iecr.2c03342,3.82
CCCC(C)C,298.16,4.58,,,,,acs.iecr.2c03342,4.58
CCC(C)CC,297.5,3.62,,,,,acs.iecr.2c03342,3.62
CCC(C)CC,298.129,3.93,,,,,acs.iecr.2c03342,3.93
CCC(C)CC,298.16,4.33,,,,,acs.iecr.2c03342,4.33
CC(C)CC(C)(C)C,298.16,2.28,,,,,acs.iecr.2c03342,2.28
CCCCCCCCCCCCCCCCCCC(C)CC,298.0,0.14,,,,,acs.iecr.2c03342,0.14
CCCCCCCCCCCCCCCCCCC(C)CCC,298.0,0.148,,,,,acs.iecr.2c03342,0.148
CCCCCCCCCCCCCCC(C)CCCCCCCC,298.0,0.108,,,,,acs.iecr.2c03342,0.108
CCCCCCCCCC(CCCCCC)CCCCCCCCC,298.0,0.0681,,,,,acs.iecr.2c03342,0.0681
C1=CCCC1,295.66,3.755851284,,,,,acs.iecr.2c03342,3.755851284
C1CCCC1,299.4376137,3.373198521,,,,,acs.iecr.2c03342,3.373198521
CC1CCCC1,298.16,2.9,,,,,acs.iecr.2c03342,2.9
C1CCCCC1,298.0,1.446892507,,,,,acs.iecr.2c03342,1.446892507
C1CCCCC1,298.16,1.458411765,,,,,acs.iecr.2c03342,1.458411765
C1CCCCC1,298.18,1.45175,,,,,acs.iecr.2c03342,1.45175
C1CCCCC1,298.2,1.464290273,,,,,acs.iecr.2c03342,1.464290273
C1CCCCC1,298.3168839,1.427696944,,,,,acs.iecr.2c03342,1.427696944
C1CCCCC1,299.3662544,1.496956228,,,,,acs.iecr.2c03342,1.496956228
CC1CCCCC1,298.16,1.84,,,,,acs.iecr.2c03342,1.84
C1CCCCCC1,298.5583701,0.87243023,,,,,acs.iecr.2c03342,0.87243023
C1CCCCCCC1,298.15,0.5445,,,,,acs.iecr.2c03342,0.5445
C1CCCCCCC1,298.16,0.554666667,,,,,acs.iecr.2c03342,0.554666667
C1CCCCCCCCC1,297.7054235,0.328726582,,,,,acs.iecr.2c03342,0.328726582
C1CCC2CCCC2C1,296.0453612,0.630587472,,,,,acs.iecr.2c03342,0.630587472
C1CCC2CCCCC2C1,296.5798844,0.679500313,,,,,acs.iecr.2c03342,0.679500313
C1CCC(C2CCCCC2)CC1,296.7306123,0.480318323,,,,,acs.iecr.2c03342,0.480318323
c1ccccc1,295.16,1.9,,,,,acs.iecr.2c03342,1.9
c1ccccc1,295.8581404,2.175382625,,,,,acs.iecr.2c03342,2.175382625
c1ccccc1,296.16,2.07,,,,,acs.iecr.2c03342,2.07
c1ccccc1,298.0,2.27,,,,,acs.iecr.2c03342,2.27
c1ccccc1,298.16,2.204699003,,,,,acs.iecr.2c03342,2.204699003
c1ccccc1,298.18,2.2175,,,,,acs.iecr.2c03342,2.2175
c1ccccc1,298.2,2.226333333,,,,,acs.iecr.2c03342,2.226333333
c1ccccc1,299.646344,2.258849605,,,,,acs.iecr.2c03342,2.258849605
c1ccccc1,299.96004,2.336232081,,,,,acs.iecr.2c03342,2.336232081
Cc1ccccc1,295.16,2.26,,,,,acs.iecr.2c03342,2.26
Cc1ccccc1,295.4467165,2.114404396,,,,,acs.iecr.2c03342,2.114404396
Cc1ccccc1,297.8504141,1.925660163,,,,,acs.iecr.2c03342,1.925660163
Cc1ccccc1,297.9851002,2.130243278,,,,,acs.iecr.2c03342,2.130243278
Cc1ccccc1,298.1597641,2.375565538,,,,,acs.iecr.2c03342,2.375565538
Cc1ccccc1,298.16,2.257143266,,,,,acs.iecr.2c03342,2.257143266
Cc1ccccc1C,295.16,1.76,,,,,acs.iecr.2c03342,1.76
Cc1cc(C)cc(C)c1,298.8341245,1.597185002,,,,,acs.iecr.2c03342,1.597185002
CC(C)c1cc(C(C)C)cc(C(C)C)c1,298.6037509,0.38249696,,,,,acs.iecr.2c03342,0.38249696
COC(OC)(OC)OC,297.2014464,0.897009322,,,,,acs.iecr.2c03342,0.897009322
C1CCOC1,298.16,3.12,,,,,acs.iecr.2c03342,3.12
C1CCOCC1,298.16,1.84,,,,,acs.iecr.2c03342,1.84
C1COCCO1,296.5319244,1.145420869,,,,,acs.iecr.2c03342,1.145420869
C1COCCO1,298.16,1.089666667,,,,,acs.iecr.2c03342,1.089666667
C1COCCOCCOCCOCCO1,298.2452335,0.052152278,,,,,acs.iecr.2c03342,0.052152278
C1COCCOCCOCCOCCO1,298.7303958,0.050518044,,,,,acs.iecr.2c03342,0.050518044
CC(C)=O,295.16,4.867,,,,,acs.iecr.2c03342,4.867
CC(C)=O,297.8157492,4.715694622,,,,,acs.iecr.2c03342,4.715694622
CC(C)=O,298.0,4.0,,,,,acs.iecr.2c03342,4.0
CC(C)=O,298.16,4.717857143,,,,,acs.iecr.2c03342,4.717857143
CC(C)=O,299.7360791,4.659281141,,,,,acs.iecr.2c03342,4.659281141
CC(C)=O,300.0,4.7,,,,,acs.iecr.2c03342,4.7
CCCC(C)=O,298.16,2.97,,,,,acs.iecr.2c03342,2.97
CCCCC(C)=O,298.16,2.06,,,,,acs.iecr.2c03342,2.06
CCCCCC(C)=O,298.16,1.61,,,,,acs.iecr.2c03342,1.61
CCCCCCC(C)=O,298.16,1.18,,,,,acs.iecr.2c03342,1.18
CCCCCCCC(C)=O,298.16,0.945,,,,,acs.iecr.2c03342,0.945
CCCCCCCCC(C)=O,298.16,0.747,,,,,acs.iecr.2c03342,0.747
O=C1CCCCC1,298.16,0.89,,,,,acs.iecr.2c03342,0.89
COC(C)=O,298.16,3.28,,,,,acs.iecr.2c03342,3.28
CCOC(C)=O,298.16,2.77,,,,,acs.iecr.2c03342,2.77
O=C1CCCO1,295.0,0.83,,,,,acs.iecr.2c03342,0.83
CCCCCCOC(=O)OC,298.16,0.729,,,,,acs.iecr.2c03342,0.729
CCCCCCCCOC(=O)OC,298.16,0.491,,,,,acs.iecr.2c03342,0.491
CCCCCCCCCCOC(=O)OC,298.16,0.303,,,,,acs.iecr.2c03342,0.303
CCCCCCCCCCCCOC(=O)OC,298.16,0.21,,,,,acs.iecr.2c03342,0.21
CC1COC(=O)O1,296.7784318,0.342289602,,,,,acs.iecr.2c03342,0.342289602
CC(=O)OC(C)=O,298.16,1.6,,,,,acs.iecr.2c03342,1.6
CC#N,298.16,4.479545455,,,,,acs.iecr.2c03342,4.479545455
CCCCCCC#N,298.16,0.954,,,,,acs.iecr.2c03342,0.954
CCCCCCCC#N,298.16,0.73,,,,,acs.iecr.2c03342,0.73
CCCCCCCCC#N,298.16,0.538,,,,,acs.iecr.2c03342,0.538
CCCCCCCCCC#N,298.16,0.458,,,,,acs.iecr.2c03342,0.458
CCCCCCCCCCCC#N,298.16,0.291,,,,,acs.iecr.2c03342,0.291
Nc1ccccc1,298.2,0.27,,,,,acs.iecr.2c03342,0.27
Nc1cccc(F)c1,295.5204794,0.473979848,,,,,acs.iecr.2c03342,0.473979848
NCCN,298.0,0.98,,,,,acs.iecr.2c03342,0.98
NC=O,298.16,0.53,,,,,acs.iecr.2c03342,0.53
CN(C)C=O,298.16,1.63,,,,,acs.iecr.2c03342,1.63
CC(C)(C)[N+](=O)[O-],295.3066325,2.321427947,,,,,acs.iecr.2c03342,2.321427947
O=[N+]([O-])c1ccccc1,298.2,1.081,,,,,acs.iecr.2c03342,1.081
O=[N+]([O-])C(F)[N+](=O)[O-],298.16,0.938458906,,,,,acs.iecr.2c03342,0.938458906
O=[N+]([O-])C(F)([N+](=O)[O-])[N+](=O)[O-],295.66,1.213310356,,,,,acs.iecr.2c03342,1.213310356
c1ccncc1,298.1417254,1.704761502,,,,,acs.iecr.2c03342,1.704761502
c1ccncc1,298.16,1.72,,,,,acs.iecr.2c03342,1.72
CS(C)=O,298.16,0.748666667,,,,,acs.iecr.2c03342,0.748666667
S=C=S,298.16,4.39,,,,,acs.iecr.2c03342,4.39
CCCCCCS,298.16,1.51,,,,,acs.iecr.2c03342,1.51
CCCCCCCS,298.16,1.18,,,,,acs.iecr.2c03342,1.18
CCCCCCCCS,298.16,0.931,,,,,acs.iecr.2c03342,0.931
CCCCCCCCCCCCS,298.16,0.392,,,,,acs.iecr.2c03342,0.392
CCCCOP(=O)(OCCCC)OCCCC,296.0243857,0.309400643,,,,,acs.iecr.2c03342,0.309400643
CCCCOP(=O)(OCCCC)OCCCC,298.0,0.28,,,,,acs.iecr.2c03342,0.28
CCCCOP(=O)(OCCCC)OCCCC,298.16,0.229,,,,,acs.iecr.2c03342,0.229
C[Si](C)(C)C,298.16,4.13,,,,,acs.iecr.2c03342,4.13
C[Si](C)(C)C,299.3704759,4.134515851,,,,,acs.iecr.2c03342,4.134515851
CO[Si](OC)(OC)OC,296.6920303,1.410255687,,,,,acs.iecr.2c03342,1.410255687
CO[Si](OC)(OC)OC,298.5059569,1.403509095,,,,,acs.iecr.2c03342,1.403509095
C[Si](C)(C)O[Si](C)(C)O[Si](C)(C)O[Si](C)(C)O[Si](C)(C)O[Si](C)(C)O[Si](C)(C)O[Si](C)(C)O[Si](C)(C)C,298.16,0.179142434,,,,,acs.iecr.2c03342,0.179142434
C[Si]1(C)O[Si](C)(C)O[Si](C)(C)O[Si](C)(C)O1,298.8854251,0.393986317,,,,,acs.iecr.2c03342,0.393986317
C[Si]1(C)O[Si](C)(C)O[Si](C)(C)O[Si](C)(C)O1,299.297915,0.398432147,,,,,acs.iecr.2c03342,0.398432147
C[Si](C)(C)Cl,295.8721232,2.466788858,,,,,acs.iecr.2c03342,2.466788858
FC(F)(F)CC[Si](Cl)(Cl)Cl,298.16,1.088500893,,,,,acs.iecr.2c03342,1.088500893
FC(F)(F)CC(Cl)[Si](Cl)(Cl)Cl,298.16,0.82499214,,,,,acs.iecr.2c03342,0.82499214
ClCCl,298.16,3.648,,,,,acs.iecr.2c03342,3.648
ClC(Cl)Cl,295.3518308,2.863346865,,,,,acs.iecr.2c03342,2.863346865
ClC(Cl)Cl,296.3989488,2.760336237,,,,,acs.iecr.2c03342,2.760336237
ClC(Cl)Cl,298.2586386,2.902827776,,,,,acs.iecr.2c03342,2.902827776
ClC(Cl)Cl,299.9500513,2.956694811,,,,,acs.iecr.2c03342,2.956694811
ClC(Cl)(Cl)Cl,298.16,1.3166,,,,,acs.iecr.2c03342,1.3166
ClC(Cl)(Cl)Cl,298.2,1.296,,,,,acs.iecr.2c03342,1.296
BrCBr,295.5831433,1.443501698,,,,,acs.iecr.2c03342,1.443501698
BrCBr,297.8248152,1.488755239,,,,,acs.iecr.2c03342,1.488755239
BrCBr,299.6896072,1.521940142,,,,,acs.iecr.2c03342,1.521940142
BrC(Br)Br,296.1000375,0.766346648,,,,,acs.iecr.2c03342,0.766346648
BrC(Br)Br,299.3457624,0.78639469,,,,,acs.iecr.2c03342,0.78639469
CI,296.4242401,3.458882371,,,,,acs.iecr.2c03342,3.458882371
CI,297.8557138,3.460784142,,,,,acs.iecr.2c03342,3.460784142
CI,297.8569179,3.395138793,,,,,acs.iecr.2c03342,3.395138793
CI,297.9457046,3.605697884,,,,,acs.iecr.2c03342,3.605697884
CI,298.16,3.5,,,,,acs.iecr.2c03342,3.5
CI,299.0937186,3.485474806,,,,,acs.iecr.2c03342,3.485474806
ICI,295.0412004,0.516656409,,,,,acs.iecr.2c03342,0.516656409
ICI,297.0680445,0.53167338,,,,,acs.iecr.2c03342,0.53167338
ICI,299.978573,0.563549041,,,,,acs.iecr.2c03342,0.563549041
ClCCCl,298.16,1.86,,,,,acs.iecr.2c03342,1.86
CCBr,295.66,3.8,,,,,acs.iecr.2c03342,3.8
BrCCCCCCCCBr,295.16,0.207951212,,,,,acs.iecr.2c03342,0.207951212
CC(C)(C)I,296.1190681,0.937189978,,,,,acs.iecr.2c03342,0.937189978
FC1(F)C(F)(F)C(F)(F)C2(F)C(F)(F)C(F)(F)C(F)(F)C(F)(F)C2(F)C1(F)F,298.7849483,0.31009261,,,,,acs.iecr.2c03342,0.31009261
Fc1ccccc1,298.16,2.395,,,,,acs.iecr.2c03342,2.395
Fc1c(F)c(F)c(F)c(F)c1F,298.16,1.495,,,,,acs.iecr.2c03342,1.495
Fc1c(F)c(F)c(F)c(F)c1F,298.7400785,1.516367451,,,,,acs.iecr.2c03342,1.516367451
Clc1ccccc1,298.0,1.8,,,,,acs.iecr.2c03342,1.8
Clc1ccccc1,298.16,1.758,,,,,acs.iecr.2c03342,1.758
Clc1ccccc1,299.647524,1.789233459,,,,,acs.iecr.2c03342,1.789233459
Brc1ccccc1,298.2,1.13,,,,,acs.iecr.2c03342,1.13
Brc1ccccc1,299.7091045,1.31495596,,,,,acs.iecr.2c03342,1.31495596
Ic1ccccc1,299.0955355,0.975815673,,,,,acs.iecr.2c03342,0.975815673
CO,298.0,2.44,,,,,acs.iecr.2c03342,2.44
CO,298.16,2.342704,,,,,acs.iecr.2c03342,2.342704
CO,298.2,2.41,,,,,acs.iecr.2c03342,2.41
CCO,295.86,1.26,,,,,acs.iecr.2c03342,1.26
CCO,296.16,1.09,,,,,acs.iecr.2c03342,1.09
CCO,296.46,1.37,,,,,acs.iecr.2c03342,1.37
CCO,298.0,1.05,,,,,acs.iecr.2c03342,1.05
CCO,298.16,1.069230769,,,,,acs.iecr.2c03342,1.069230769
CCO,298.2,1.07,,,,,acs.iecr.2c03342,1.07
OCC(F)(F)F,298.16,0.5995,,,,,acs.iecr.2c03342,0.5995
CCCO,297.16,0.512,,,,,acs.iecr.2c03342,0.512
CCCO,298.16,0.60425,,,,,acs.iecr.2c03342,0.60425
CC(C)O,298.16,0.649,,,,,acs.iecr.2c03342,0.649
CCCCO,297.16,0.426,,,,,acs.iecr.2c03342,0.426
CCCCO,298.16,0.445,,,,,acs.iecr.2c03342,0.445
CC(C)(C)O,299.4393002,0.309715591,,,,,acs.iecr.2c03342,0.309715591
CCCCCO,298.16,0.291,,,,,acs.iecr.2c03342,0.291
CC(C)CCO[Si](C)(C)C(C)(C)C,296.16,0.273,,,,,acs.iecr.2c03342,0.273
CCCCCCO,298.16,0.216,,,,,acs.iecr.2c03342,0.216
CCCCCCCO,298.16,0.172,,,,,acs.iecr.2c03342,0.172
CCCCCCCCO,297.16,0.138,,,,,acs.iecr.2c03342,0.138
CCCCCCCCO,298.16,0.142,,,,,acs.iecr.2c03342,0.142
OCCO,298.0,0.0832,,,,,acs.iecr.2c03342,0.0832
OCCO,298.16,0.0961,,,,,acs.iecr.2c03342,0.0961
CC(O)CCO,297.36,0.106,,,,,acs.iecr.2c03342,0.106
CC(O)CC(C)(C)O,297.36,0.235,,,,,acs.iecr.2c03342,0.235
OCC(O)CO,295.0867249,0.001115315,,,,,acs.iecr.2c03342,0.001115315
OCC(O)CO,296.8574265,0.001886035,,,,,acs.iecr.2c03342,0.001886035
OCC(O)CO,297.948405,0.00135668,,,,,acs.iecr.2c03342,0.00135668
OCC(O)CO,298.1513194,0.00232274,,,,,acs.iecr.2c03342,0.00232274
OCC(O)CO,298.16,0.00173,,,,,acs.iecr.2c03342,0.00173
OCC(O)CO,298.4956476,0.002017271,,,,,acs.iecr.2c03342,0.002017271
OCC(O)CO,299.16,0.002547668,,,,,acs.iecr.2c03342,0.002547668
OCC(O)CO,299.8556668,0.001733091,,,,,acs.iecr.2c03342,0.001733091
CC(=O)O,298.16,1.19,,,,,acs.iecr.2c03342,1.19
CC(C)C(=O)O,299.479,0.826,,,,,acs.iecr.2c03342,0.826
CCCCCCCC(=O)O,298.16,0.221,,,,,acs.iecr.2c03342,0.221
CCCCCCCCC(=O)O,298.16,0.156,,,,,acs.iecr.2c03342,0.156
CCCCCCCCC=CCCCCCCCC(=O)O,298.16,0.038758403,,,,,acs.iecr.2c03342,0.038758403
CCCCCCC=CCCCCCCCCCC(=O)O,298.16,0.039108044,,,,,acs.iecr.2c03342,0.039108044
O,295.16,2.248239011,,,,,acs.iecr.2c03342,2.248239011
O,295.2766277,1.916431784,,,,,acs.iecr.2c03342,1.916431784
O,295.66,2.209416696,,,,,acs.iecr.2c03342,2.209416696
O,295.974321,1.95774365,,,,,acs.iecr.2c03342,1.95774365
O,296.16,2.353581162,,,,,acs.iecr.2c03342,2.353581162
O,296.66,2.428758891,,,,,acs.iecr.2c03342,2.428758891
O,296.8348215,2.10361233,,,,,acs.iecr.2c03342,2.10361233
O,297.06,2.29,,,,,acs.iecr.2c03342,2.29
O,297.26,2.398487253,,,,,acs.iecr.2c03342,2.398487253
O,297.3,2.16,,,,,acs.iecr.2c03342,2.16
O,297.550068,2.036413423,,,,,acs.iecr.2c03342,2.036413423
O,297.66,2.398582177,,,,,acs.iecr.2c03342,2.398582177
O,297.6660256,1.988099813,,,,,acs.iecr.2c03342,1.988099813
O,298.0,2.64,,,,,acs.iecr.2c03342,2.64
O,298.15,2.268,,,,,acs.iecr.2c03342,2.268
O,298.16,2.356450814,,,,,acs.iecr.2c03342,2.356450814
O,298.2,2.208333333,,,,,acs.iecr.2c03342,2.208333333
O,298.66,2.3,,,,,acs.iecr.2c03342,2.3
O,298.76,2.468921328,,,,,acs.iecr.2c03342,2.468921328
O,299.2,2.55818032,,,,,acs.iecr.2c03342,2.55818032
O,299.36,2.477958152,,,,,acs.iecr.2c03342,2.477958152
O,299.66,2.37,,,,,acs.iecr.2c03342,2.37
O,299.7373271,2.341648053,,,,,acs.iecr.2c03342,2.341648053
O,299.86,2.47806257,,,,,acs.iecr.2c03342,2.47806257
N=c1nc(N2CCCCC2)cc(N)n1O,300.0,,35.0,1474.5,0.001160169815296827,1.4708091376099999,MD,1.4708091376099999
NCCCC(=O)NCCNCC(=O)O,300.0,,35.0,1899.5,0.002217060467971352,1.4529616836499992,MD,1.4529616836499992
NCCCCCNCCCCN,300.0,,35.0,1474.5,0.0057428783163181825,1.86198906944,MD,1.86198906944
CC(=O)NCCCC[C@H](NC(=O)[C@H](CCCCNC(N)=S)NC(=O)[C@H](CCCCNC(C)=O)NC(C)=O)C(N)=O,300.0,,35.0,1949.5,0.0009109612665487099,1.5512237925600008,MD,1.5512237925600008
OCCCCCc1ccccc1,300.0,,35.0,1949.5,0.056860267114358334,2.4974396853474996,MD,2.4974396853474996
CCC1CCN(C(=O)C(CCCN=C(N)N)NS(=O)(=O)c2cc(OC)c3ccccc3c2)CC1,300.0,,35.0,1724.5,0.0006556463023210519,0.9065970051975001,MD,0.9065970051975001
NCCc1ccc(O)c(O)c1,300.0,,35.0,1899.5,0.0017835783017730994,1.2207914029025004,MD,1.2207914029025004
CN(C)CCCN(C)c1c(NCCCN(C)CCCNc2c(N(C)CCCN(C)C)c(=O)c2=O)c(=O)c1=O,300.0,,35.0,1599.5,0.00298278710493769,1.276522138725,MD,1.276522138725
Cc1ccc(C)cc1,300.0,,35.0,1949.5,1.273582036372699,1.2729330450125007,MD,1.2729330450125007
CCCCCCCC(=O)OCCOCCOC(=O)CCCCCCC,300.0,,35.0,1824.5,0.014977989462969792,1.4972998271600002,MD,1.4972998271600002
CC(=O)c1ccccc1,300.0,,35.0,1949.5,0.31481553899843184,1.821784478060001,MD,1.821784478060001
CC(C)OCCO,300.0,,35.0,1949.5,1.005387461279483,1.7821434079475,MD,1.7821434079475
O=c1[nH]cc(F)c(=O)[nH]1,300.0,,35.0,1949.5,0.0008940624585817778,1.8196239403175005,MD,1.8196239403175005
CN/C(=C\[N+](=O)[O-])NCCSCc1ccc(CN(C)C)o1,300.0,,35.0,899.5,0.00614259200978846,1.1929084817150002,MD,1.1929084817150002
CCCn1c2ccccc2c2cnn(CC(=O)NCCCOC)c(=O)c21,300.0,,35.0,1124.5,0.002634023381758477,1.5190946654275006,MD,1.5190946654275006
N[C@@H](Cc1cnc[nH]1)C(=O)O,300.0,,35.0,1399.5,0.0008066419335746649,1.337731807445001,MD,1.337731807445001
C[C@H]1O[C@@H](O[C@H]2CC[C@]3(C=O)[C@H]4CC[C@]5(C)[C@@H](C6=CC(=O)OC6)CC[C@]5(O)[C@@H]4CC[C@]3(O)C2)[C@H](O)[C@H](O)[C@H]1O,300.0,,35.0,1899.5,0.0009180156338973431,1.7737084601699993,MD,1.7737084601699993
CCC(C)NC(=O)c1ccc2c(c1)CC(N(CC(=O)NC(C)(C)C)S(=O)(=O)c1cn(C)cn1)CN2Cc1cncn1C,300.0,,35.0,1024.5,0.0012642899357936618,1.2719417886225002,MD,1.2719417886225002
COC(=O)c1ccccc1O,300.0,,35.0,1949.5,0.285160015973513,1.425951147985,MD,1.425951147985
CCCCCCCCCCCCCCCCCCCCCCCCCCCCCC,300.0,,35.0,1649.5,0.01597596827254787,1.194419943635,MD,1.194419943635
CC(C)CO,300.0,,35.0,1949.5,0.7615065112573604,1.5470382638850004,MD,1.5470382638850004
CCNCCCNCCCNCCCNCC,300.0,,35.0,774.5,0.003809238642362983,1.6510637134725008,MD,1.6510637134725008
COCO[C@H]1C(=O)O[C@H]2O[C@@]34OC(=O)[C@@H]5C[C@@H](C(C)(C)C)[C@@]21[C@]53C[C@@H]1OC(=O)[C@@H](C)[C@@]14O,300.0,,35.0,449.5,0.0012122982920984744,1.4523130563349995,MD,1.4523130563349995
COc1ccc(-n2nc(C(=O)NCC(=O)Nc3ccc(F)cc3)c3ccccc3c2=O)cc1Cl,300.0,,35.0,1224.5,0.003019942486837057,1.940304512905002,MD,1.940304512905002
CCCCC(=O)O,300.0,,35.0,1949.5,0.09623778679303945,1.3597052137324988,MD,1.3597052137324988
COC(=O)C/C(C(=O)OC)=C(/CCCCCCCCCCCCCCCCO)C(=O)OC,300.0,,35.0,1649.5,0.0040285027172364506,1.2649861295899996,MD,1.2649861295899996
Nc1ccn([C@@H]2O[C@H](CO)[C@@H](O)[C@@H]2O)c(=O)n1,300.0,,35.0,599.5,0.00041665346221836044,1.0633328490050002,MD,1.0633328490050002
CCCCS(=O)(=O)OCCNCCOS(=O)(=O)CCCC,300.0,,35.0,1549.5,0.003184600435618735,1.1841639791524998,MD,1.1841639791524998
CCC(C(=O)NCCCCCCN=C(N)N)C(=O)NCCCCNCCCN,300.0,,35.0,1724.5,0.0021844344781814717,0.9873581441350003,MD,0.9873581441350003
C/C=C/C(O)P(=O)(OC)OC,300.0,,35.0,1924.5,0.0051589024323834345,1.5425288161500001,MD,1.5425288161500001
CC(=O)N1CCN(C(=O)C(Cc2cccc(C(=N)N)c2)NS(=O)(=O)NCCOC2CCCCC2)CC1,300.0,,35.0,324.5,0.0007215538979371825,1.1108129478450004,MD,1.1108129478450004
CCOc1ccc(Cc2nc3cc(C(=O)N(CC)CC)ccc3n2CCC(C)C)cc1,300.0,,35.0,974.5,0.0016864042322603018,1.139602148550001,MD,1.139602148550001
Cc1nn(C)c(OC[C@H]2CCCCO2)c1C(=O)NCc1nccc(C(F)F)n1,300.0,,35.0,649.5,0.0017213967295810545,1.5611011551425003,MD,1.5611011551425003
CCCCOC(=O)c1ccc(O)cc1,300.0,,35.0,1024.5,0.002773114018610728,1.3866721251575,MD,1.3866721251575
Cn1c(=O)c2[nH]cnc2n(C)c1=O,300.0,,35.0,524.5,0.00034620925269788615,1.8369119800025009,MD,1.8369119800025009
CCC(=O)N1CCc2cc(Br)cc(S(=O)(=O)N3CCCC(C(=O)NCc4ccc(F)cc4)C3)c21,300.0,,35.0,649.5,0.005354340220713873,1.5067535393349996,MD,1.5067535393349996
CCC(=O)N(c1ccccc1)C1CCN(CCc2ccccc2)CC1,300.0,,35.0,699.5,0.0006591153206769609,1.1693563544500005,MD,1.1693563544500005
CCc1ccccc1N1CCN(CCCC(=O)c2ccc(NC(=O)c3ccc(Cl)cc3)cc2)CC1,300.0,,35.0,1949.5,0.002655671616784405,1.1203164938275012,MD,1.1203164938275012
COc1ccccc1-n1c(=O)n(C)c(=O)n1C(C)(C)C,300.0,,35.0,774.5,0.002861626576339911,1.9422362711000012,MD,1.9422362711000012
CCOC(=O)CCC(NC(=O)CCCCCCCCC(=O)NC(CCC(=O)OCC)C(=O)OCC)C(=O)OCC,300.0,,35.0,1174.5,0.0010687482052066284,2.0197552935074996,MD,2.0197552935074996
CNC(=O)C(=O)N/N=C/c1cccnc1,300.0,,35.0,899.5,0.0013683751277804531,1.3541004921749995,MD,1.3541004921749995
NCCCCC(N)C(=O)NCC1CCC(CNCCCN2CCN(CCCNCC3CCCCC3)CC2)CC1,300.0,,35.0,999.5,0.00088980586454894,1.6068564394549998,MD,1.6068564394549998
CCN(C(=O)C1CCC=C1C(=O)NCc1ccc(C(=N)N)cc1)c1cccc(OC)c1,300.0,,35.0,524.5,0.002078901275038632,0.9539497740399997,MD,0.9539497740399997
CCCNCCCNCCCCCCCCNCCCNCCC,300.0,,35.0,874.5,0.0026688423635950363,1.9218666614300008,MD,1.9218666614300008
CC(=O)NCCC(=O)NCCSCC(=O)NCCCNCCCCNCCCN,300.0,,35.0,1624.5,0.001575768313329911,2.014871231997499,MD,2.014871231997499
CCN(CC)C(=O)N1CCN(C)CC1,300.0,,35.0,1949.5,0.008611546761086209,1.492538205875001,MD,1.492538205875001
C=CCc1ccc(O)c(OC)c1,300.0,,35.0,1949.5,0.10744341630232213,1.2321346084575007,MD,1.2321346084575007
Nc1ccc(O)c([N+](=O)[O-])c1,300.0,,35.0,1899.5,0.0127311945487858,1.6520244689725012,MD,1.6520244689725012
CC(C(=O)O)c1ccc2c(c1)Cc1cccnc1O2,300.0,,35.0,1674.5,0.001969402612609048,1.1729555826225004,MD,1.1729555826225004
N#Cc1ccc(O)cc1,300.0,,35.0,1949.5,0.036159099250251285,1.8126104064000008,MD,1.8126104064000008
CN(CCCCCCN=C(N)N)C(=O)CC(=O)NCCCCNCCCN,300.0,,35.0,1224.5,0.0007245177189746769,0.7879443977075005,MD,0.7879443977075005
CCCCCCCCCCCCNCC(O)CCCCCCCCCn1c(=O)c2c(ncn2C)n(C)c1=O,300.0,,35.0,1849.5,0.002118878886843006,1.36949258542,MD,1.36949258542
COC(=O)CCC(=O)C(=O)OC,300.0,,35.0,1699.5,0.021639369724398245,1.0890533164900005,MD,1.0890533164900005
CCCCCCCCCCCCCCN(C)C,300.0,,35.0,1799.5,0.053571860832951665,1.1952604956350001,MD,1.1952604956350001
C=COC(C)=O,300.0,,35.0,1949.5,2.090794483142115,1.4283181284774997,MD,1.4283181284774997
N#CC1=C(N)Oc2cc3oc(-c4ccccc4)cc(=O)c3c(O)c2C12C(=O)N(Cc1ccccc1)c1c(Cl)cccc12,300.0,,35.0,1299.5,0.001993329268226706,1.1480594135150002,MD,1.1480594135150002
CCCCCCCCCCCCCCCCCCCCCCC,300.0,,35.0,549.5,0.011863094728680756,1.1244758235624999,MD,1.1244758235624999
CCCCCCCCCCCCCCCCNCCCNCCCCNCCCN,300.0,,35.0,1699.5,0.004293772887387505,1.1103367208750006,MD,1.1103367208750006
O=C(N/N=C/c1ccccc1O)c1ccccc1Nc1ccccc1C(=O)N/N=C/c1ccccc1O,300.0,,35.0,1399.5,0.002163521819656029,1.839843787834998,MD,1.839843787834998
CCCCCCCCCCCCCCC[C@@H](C[C@@H](O)C[C@@H](O)C[C@@H](O)C[C@@H](O)C[C@H]1CC=CC(=O)O1)OC(C)=O,300.0,,35.0,1724.5,0.002387706849332883,1.2484210466325005,MD,1.2484210466325005
C/C(=C\CSCC(N)C(=O)O)CC/C=C(\C)CNc1ccccc1,300.0,,35.0,674.5,0.0025114914440462536,1.2524697455825002,MD,1.2524697455825002
CC(=O)N1C2C3N(C(C)=O)C1C1N(C(C)=O)C(C(N1C(C)=O)N3C(C)=O)N2C(C)=O,300.0,,35.0,449.5,0.00039480352585210486,1.1425450178549996,MD,1.1425450178549996
NS(=O)(=O)c1cccc(C#Cc2cccc(F)c2)c1,300.0,,35.0,924.5,0.001534483256521303,1.8832310266075012,MD,1.8832310266075012
CCN(CC)CC,300.0,,35.0,1949.5,1.3385084261570774,1.5597427279750016,MD,1.5597427279750016
CCCCCCCCCCCCCCCCCCC,300.0,,35.0,949.5,0.02724800710891695,1.4342072974124997,MD,1.4342072974124997
ClC(Cl)=C(Cl)Cl,300.0,,35.0,1949.5,1.6452374966323833,1.4248752128925002,MD,1.4248752128925002
CC(N)Cc1ccccc1,300.0,,35.0,1949.5,0.12238800200693056,1.2994578064400009,MD,1.2994578064400009
CCCCCCCCCCCCN(C)C=O,300.0,,35.0,1899.5,0.030886299148146508,1.3496513787974993,MD,1.3496513787974993
CCCc1ccc(OCc2cn([C@@H]3O[C@H](COC(C)=O)[C@@H](OC(C)=O)[C@H](OC(C)=O)[C@H]3OC(C)=O)nn2)c(OC)c1,300.0,,35.0,1274.5,0.0013081652996354113,1.927113121957501,MD,1.927113121957501
CC(C)C[C@H](NC(=O)[C@H](CCC(N)=O)NC(=O)/C=C/CO)C(=O)N[C@H](C(=O)N[C@H](C(N)=O)C(C)C)C(C)C,300.0,,35.0,774.5,0.0007026939467073439,1.3287770369525003,MD,1.3287770369525003
Cc1ccc(C(=O)NCC(=O)OCC(=O)Nc2cc(S(=O)(=O)N3CCOCC3)ccc2Cl)s1,300.0,,35.0,1249.5,0.0004553911027718508,2.1620330086900004,MD,2.1620330086900004
COc1cc(OCC(O)CN(CCO)CCO)c2c(c1)O[C@@H]1COc3cc(OC)c(OC)cc3[C@]1(O)C2=O,300.0,,35.0,1349.5,0.0026599927956871307,1.2977293706725013,MD,1.2977293706725013
CNC(=O)Oc1ccccc1OC(C)C,300.0,,35.0,1124.5,0.0026611734438663553,1.3688360057675004,MD,1.3688360057675004
CCCCCNC(=O)C(Cc1ccc(OCC#N)c(C(=O)O)c1)NC(=O)CCC(=O)O,300.0,,35.0,649.5,0.0010559521628400173,1.9556944007799997,MD,1.9556944007799997
COC(=O)[C@H](C)NC(=O)[C@H](CCCCN1C[C@H](O)[C@@H](O)[C@@H](O)[C@H]1CO)NC(=O)[C@@H]1CCCN1C(=O)OC(C)(C)C,300.0,,35.0,1899.5,0.0012457572366602844,1.2532457002475,MD,1.2532457002475
O=[N+]([O-])c1ccc(Cl)c([N+](=O)[O-])c1,300.0,,35.0,1949.5,0.08907583187762073,1.8781413662950004,MD,1.8781413662950004
CCCC(=O)O,300.0,,35.0,1949.5,0.2328041638954445,1.3553209960999997,MD,1.3553209960999997
CCNCCCCNCC1CC1CNCCCCNCC1CC1CNCCCCNCC,300.0,,35.0,1849.5,0.003197258249794309,2.2379626119650013,MD,2.2379626119650013
CCCCCCCCCCCCCCCCCC(=O)OCC(COP(=O)(O)O)OC,300.0,,35.0,1024.5,0.0028610056243212347,1.5561960738725011,MD,1.5561960738725011
CC(C)CC(C)O,300.0,,35.0,1949.5,0.3168244366207494,1.2554370966774997,MD,1.2554370966774997
CC(=O)C(Cl)(Cl)Cl,300.0,,35.0,1949.5,0.7241087672273296,1.4055878498724996,MD,1.4055878498724996
COc1ccc(CC(=O)NCCCCCCNC(C)=O)cc1,300.0,,35.0,1749.5,0.0011856844907449419,1.710171274217501,MD,1.710171274217501
O=C(CCCCCCCCCCF)Nc1ccn([C@@H]2O[C@H](CO)[C@@H](O)C2(F)F)c(=O)n1,300.0,,35.0,1574.5,0.0019998986151730817,1.0480670407775,MD,1.0480670407775
O=C(O)CN(CC(=O)O)Cc1cc2c(cc1O)Oc1cc(O)c(CN(CC(=O)O)CC(=O)O)cc1C21OC(=O)c2ccccc21,300.0,,35.0,949.5,0.0004911279427167338,0.9634320614950009,MD,0.9634320614950009
CCOCCOCCN(CCNc1ccnc2cc(Cl)ccc12)CCNc1ccnc2cc(Cl)ccc12,300.0,,35.0,1399.5,0.002304516336719005,1.0319745738375001,MD,1.0319745738375001
Oc1ccccc1,300.0,,35.0,1949.5,0.2731978522859244,2.094184980875001,MD,2.094184980875001
C/C=C(\NC(C)=O)C(=O)N1CCC[C@H]1C(=O)NN(CC(N)=O)C(=O)/C=C/C(=O)OCC,300.0,,35.0,324.5,0.001770354184760823,1.3692000967399998,MD,1.3692000967399998
C[C@]12CCC(=O)C=C1CC[C@@H]1[C@@H]2[C@@H](O)C[C@@]2(C)[C@H]1CC[C@]2(O)C(=O)CO,300.0,,35.0,1674.5,0.0007540459373782774,1.5017165815150006,MD,1.5017165815150006
NCCCC[C@H](NC(=O)[C@@H]1CCN1C(=O)[C@@H](CC1CCCCC1)NCC(=O)O)C(=O)C(=O)O,300.0,,35.0,1399.5,0.0008686105594069853,1.3193193757824997,MD,1.3193193757824997
CN1[C@@H]2CC[C@H]1CC(OC(=O)C(CO)c1ccccc1)C2,300.0,,35.0,1399.5,0.0026527652135890137,1.0790540141900002,MD,1.0790540141900002
CCCCCCCCCCCC=CCCCCC(=O)O,300.0,,35.0,1949.5,0.0141801556888181,1.3849588271975002,MD,1.3849588271975002
COC1=C(C)C(=O)C2=C(C1=O)[C@@H](CO)N1[C@H]3[C@H]4N[C@H](C[C@H]4[C@@H]4OCCN4[C@@H]23)[C@H]1C#N,300.0,,35.0,1349.5,0.003597855745881139,0.9736240684624997,MD,0.9736240684624997
c1ccc2ccccc2c1,300.0,,35.0,1949.5,0.17530455452554236,1.515255974325001,MD,1.515255974325001
C=CCCCC,300.0,,35.0,1949.5,3.4394469772271172,1.097797900192501,MD,1.097797900192501
CC(=O)Nc1ccn(C2OC(CO)C(O)C2O)c(=O)n1,300.0,,35.0,1299.5,0.001107447263372425,1.1855735134250007,MD,1.1855735134250007
NCCCOCCOCCOCCCN,300.0,,35.0,1024.5,0.010369421355386505,0.9805885047124998,MD,0.9805885047124998
CCCCCCCCCCCCC/C(NCCCNC(=O)COCC(=O)O)=C1\C(=O)CN(CCCCCC)C1=O,300.0,,35.0,649.5,0.0037938068861203757,1.36599414276,MD,1.36599414276
CCCCCCCCN(CCCCCCCC)[C@H](CCC(=O)NC(CCCC(N)C(=O)O)C(=O)O)C(=O)O,300.0,,35.0,424.5,0.003147004873075887,0.8968141968550006,MD,0.8968141968550006
CCN(CCCl)c1cc(CN(C)C)cc(NC(=O)c2ccc(C(=O)Nc3cccc(N(CCCl)NN)c3)cc2)c1,300.0,,35.0,724.5,0.0009527372786380271,1.128657045665001,MD,1.128657045665001
CCCCCCCCCCCCCCCCOP(=O)([O-])NCC[N+](C)(C)C,300.0,,35.0,1374.5,0.002342963743948722,1.3661179196300006,MD,1.3661179196300006
CCCCCCCCCCC[S+]([O-])CC(=O)N[C@H]1CCOC1=O,300.0,,35.0,1699.5,0.0013751056462917893,1.7806760877500007,MD,1.7806760877500007
COc1ccc(CO)cc1,300.0,,35.0,1574.5,0.07654380390146757,1.9602324200774999,MD,1.9602324200774999
CCCCCCCCCCCCC/C=C/C(O)C(N)CO[C@@H]1O[C@H](CO)[C@H](O)[C@H](O)[C@H]1O,300.0,,35.0,1149.5,0.002470717459442098,1.5437318372249995,MD,1.5437318372249995
CCCCCCCCCCC(O)CNCCN,300.0,,35.0,1824.5,0.0068715146720294985,1.7634179607925,MD,1.7634179607925
CC(C)CCN(CCCCCCC(=O)NO)c1ncc(C(=O)NCCCn2ccnc2)s1,300.0,,35.0,1649.5,0.0012907194739568417,1.4806076964524997,MD,1.4806076964524997
CS(=O)(=O)c1ccc(CNCCCNCCCCCCCCNCCCNCc2ccc(S(C)(=O)=O)cc2)cc1,300.0,,35.0,1299.5,0.0013433292824017369,1.70132142807,MD,1.70132142807
C[C@]12CCC(=O)C=C1CC[C@@H]1[C@@H]2[C@@H](O)C[C@]2(C=O)[C@@H](C(=O)CO)CC[C@@H]12,300.0,,35.0,649.5,0.0005832909141776697,1.1926835640224995,MD,1.1926835640224995
NCCCNCCCCNCCCNC(=O)[C@@H](N)CCCN,300.0,,35.0,1774.5,0.0015914161987860497,0.7754728990374998,MD,0.7754728990374998
CC(C)Cc1ccc(C(C)c2n[nH]c(=S)n2-c2ccccc2CC(=O)NNC(=O)CCO[N+](=O)[O-])cc1,300.0,,35.0,1149.5,0.004287492302218571,1.8411841117274992,MD,1.8411841117274992
O=[N+]([O-])c1ccc(O)cc1,300.0,,35.0,1949.5,0.09336218613927748,1.3329983191324999,MD,1.3329983191324999
CCOCCN(C)C(=O)CCCn1cncn1,300.0,,35.0,1499.5,0.0045771873818209515,1.4782774406050008,MD,1.4782774406050008
CCCCCCCCCCC(=O)C(=O)N[C@@H](CCC(=O)O)C(=O)NCC,300.0,,35.0,949.5,0.0031728532622188207,1.4562971045549997,MD,1.4562971045549997
C/C=C1/[C@H]2OC=C(C(=O)O)[C@H]1CC(=O)OC[C@H](c1ccc(O)c(O)c1)OC[C@H]1O[C@@H](O2)[C@H](O)[C@@H](O)[C@@H]1O,300.0,,35.0,1324.5,0.0014001506385581865,1.9832046185599992,MD,1.9832046185599992
Nc1ccc(Cc2ccc(N)cc2)cc1,300.0,,35.0,1174.5,0.004566288647929068,1.6427899079625008,MD,1.6427899079625008
O=C(NCCO[N+](=O)[O-])c1cccnc1,300.0,,35.0,974.5,0.0006364435586282337,2.08869816351,MD,2.08869816351
CCN(CC)CC(=O)Nc1c(C)cccc1C,300.0,,35.0,674.5,0.0031539884397819985,1.5313327638775007,MD,1.5313327638775007
CCCCCCCCCCC/C=C/C(C)=O,300.0,,35.0,1699.5,0.09402991283649559,1.6600494578149998,MD,1.6600494578149998
CCCCCCCCCn1cc(CCN[C@H]2[C@H](O)[C@@H](O)[C@H](O)[C@@H](O)[C@@H]2O)nn1,300.0,,35.0,949.5,0.0025402863744536505,1.9272519989950008,MD,1.9272519989950008
CCCCNS(=O)(=O)CCNCCc1ccccc1,300.0,,35.0,1399.5,0.002740521567727875,2.3313571223000005,MD,2.3313571223000005
N#Cc1c(F)cccc1OC[C@@H](O)CNCCNC(=O)Nc1ccc(C(=O)O)cc1,300.0,,35.0,524.5,0.0006865102152472059,1.5007787455374997,MD,1.5007787455374997
CCCCC(CO)c1ccccc1,300.0,,35.0,1824.5,0.04080413253067764,2.101174076085,MD,2.101174076085
CC(CO)OC(=O)c1cccnc1,300.0,,35.0,1099.5,0.0039218852598999895,1.7602448089050007,MD,1.7602448089050007
CCCCCCCCNC(=O)CCCSC[C@H](NC(=O)OCc1ccccc1)C(=O)Nc1ccccc1,300.0,,35.0,1149.5,0.0017939113447074824,2.0836294937499993,MD,2.0836294937499993
CCCCCCCCCCCCCCCCCC,300.0,,35.0,1549.5,0.02523338215415607,0.7713626988650002,MD,0.7713626988650002
COP(=O)(OC)OC=C(Cl)Cl,300.0,,35.0,1324.5,0.052485585956297376,1.7232570517799997,MD,1.7232570517799997
CN(CCCN(C)Cc1ccc(C(=O)O)cc1)CC(=O)Nc1ccc(OCC(O)c2ccccc2)cc1,300.0,,35.0,1949.5,0.001616081182840923,1.2477729404100004,MD,1.2477729404100004
Cc1cccc(O)c1,300.0,,35.0,1949.5,0.1911775257130489,1.6748461517700008,MD,1.6748461517700008
CCCCOCCO,300.0,,35.0,1949.5,0.6652197233071776,1.271982382645,MD,1.271982382645
CCOC(=O)CC(SP(=S)(OC)OC)C(=O)OCC,300.0,,35.0,1449.5,0.004238740827263406,1.6820757573350007,MD,1.6820757573350007
NCC#Cc1ccccc1,300.0,,35.0,1949.5,0.011153421781560195,1.5192791419825002,MD,1.5192791419825002
CCCCC[C@H]1CC=CC(=O)O1,300.0,,35.0,1949.5,0.023838513022241246,1.14555554674,MD,1.14555554674
COC(=O)[C@H](Cc1ccccc1)NC(=O)[C@@](C)(NC(=O)[C@H](CCS)NC=O)C(C)C,300.0,,35.0,799.5,0.0015197379346525222,1.5041212874424994,MD,1.5041212874424994
CCCCCCCCCCCCCCCCS(=O)(=O)NCCCOCCCCOCCCN,300.0,,35.0,849.5,0.004229626327585366,1.4562306446524997,MD,1.4562306446524997
CCCCCCN1CCCC1=O,300.0,,35.0,1899.5,0.05016701213306857,1.919239024487501,MD,1.919239024487501
COc1ccc(S(=O)(=O)N2C[C@@H]3C[C@H](C2)c2c(NC(=O)c4cncnc4)ccc(=O)n2C3)cc1,300.0,,35.0,1524.5,0.0015650821907472272,1.0668539763774998,MD,1.0668539763774998
CCCCCC(=O)OCC(=O)[C@@]1(O)CC[C@H]2[C@@H]3CCC4=CC(=O)CC[C@]4(C)[C@H]3[C@@H](O)C[C@@]21C,300.0,,35.0,299.5,0.0010126513414182913,1.701482174034999,MD,1.701482174034999
CC(C)(C)Br,300.0,,35.0,1949.5,0.7197478626414425,1.1783089320100002,MD,1.1783089320100002
CCCCC#CC#C/C=C\CCCCCCC(O)C(=O)O,300.0,,35.0,1049.5,0.0018697043859012105,1.282127378092501,MD,1.282127378092501
Cc1cc(CN2CCN(CCOC(c3ccccc3)c3ccccc3)CC2)ccc1O,300.0,,35.0,224.5,0.0010960581602194608,1.3821822336524996,MD,1.3821822336524996
Nc1ccc(NCCO)c([N+](=O)[O-])c1,300.0,,35.0,574.5,0.002605102457639016,1.909324562435001,MD,1.909324562435001
Cc1ccc(O)cc1C,300.0,,35.0,1899.5,0.06230011123537263,1.3407907185475012,MD,1.3407907185475012
O=C=Nc1ccc(Br)cc1,300.0,,35.0,1949.5,0.34132870921126485,1.7288348083075002,MD,1.7288348083075002
CCCCCCCCCCCCCCCCCCCCCCCCCCCCCCCCCCCCCCCC,300.0,,35.0,1749.5,0.008153536089040705,1.0522354511674998,MD,1.0522354511674998
CC(C)=CCC/C(C)=C/CCc1cn(CCC(=O)O)nn1,300.0,,35.0,699.5,0.0047534545581982045,1.2570162888125003,MD,1.2570162888125003
C=CC#N,300.0,,35.0,1949.5,3.583088282426333,1.387786394975,MD,1.387786394975
Nc1ccc(CN2C3(CC(=O)NC3=O)c3ccccc3S2(=O)=O)cc1,300.0,,35.0,1174.5,0.0012061154857143717,0.8699961897125,MD,0.8699961897125
CC(=O)[C@H]1CC[C@H]2[C@@H]3CC=C4C[C@@H](O)CC[C@]4(C)[C@H]3CC[C@]12C,300.0,,35.0,799.5,0.00366260552846311,0.8777516478474999,MD,0.8777516478474999
CCOC=O,300.0,,35.0,1949.5,1.8170920734062082,1.5370290011574996,MD,1.5370290011574996
CCCCNC(=O)C1C(c2ccc(OC)cc2)=Nc2ccccc2N1C(=O)Cc1cc(OC)cc(OC)c1,300.0,,35.0,699.5,0.000900683849641033,1.1430700457125005,MD,1.1430700457125005
CCCCCN(CCO)C(=O)[C@H](CCC(=O)O)NC(=O)[C@H](Cc1ccc(OP(=O)(O)O)cc1)NC(C)=O,300.0,,35.0,1224.5,0.0012509387908027146,1.235793168950001,MD,1.235793168950001
COCCOCCOCCOC(=O)CN1C(=O)C2(C)C=CC1OO2,300.0,,35.0,1074.5,0.0023030442897858197,1.1494791723050006,MD,1.1494791723050006
C[C@H]1OC(=O)[C@@H]2C[C@@H]3C[C@@H](O)CC[C@H]3[C@H](/C=C/c3ccc(-c4cccc(C(F)(F)F)c4)cn3)[C@H]12,300.0,,35.0,424.5,0.001706684153387307,0.9128401510924999,MD,0.9128401510924999
COc1ccc(/C=C(\NC(=O)c2ccc([N+](=O)[O-])cc2)C(=O)NCCCn2ccnc2)cc1,300.0,,35.0,1899.5,0.003531788553808279,1.3959461289350008,MD,1.3959461289350008
CC(C)(c1cc(Br)c(O)c(Br)c1)c1cc(Br)c(O)c(Br)c1,300.0,,35.0,1049.5,0.0011098343697437613,0.8858511397125006,MD,0.8858511397125006
CCCCCNC(=O)NCCCC/C=C\CCCCCCC(=O)OCCOCCOCCO,300.0,,35.0,1349.5,0.0028066510804379864,1.6778803051824998,MD,1.6778803051824998
Nc1ccc(Cl)c(N)c1,300.0,,35.0,1799.5,0.003921735204744968,1.6290314105949997,MD,1.6290314105949997
CCNCc1ccc(C)cc1,300.0,,35.0,1949.5,0.21804190134652307,2.1527801035975016,MD,2.1527801035975016
Nc1ccc(Cl)cc1,300.0,,35.0,1849.5,0.060977093490603006,2.2500774493825024,MD,2.2500774493825024
CN1CC[C@]23c4c5ccc(O)c4O[C@H]2C(=O)CC[C@@]3(O)[C@H]1C5,300.0,,35.0,1199.5,0.002920254012344423,1.74355701109,MD,1.74355701109
Oc1ccc(O)c(O)c1,300.0,,35.0,1949.5,0.003313346879683494,1.1010363195850004,MD,1.1010363195850004
C[C@]12C=CC(=O)C=C1CC[C@@H]1[C@@H]2[C@@H](O)C[C@@]2(C)[C@H]1CC[C@]2(O)C(=O)CO,300.0,,35.0,1799.5,0.003534564559480389,1.2008229441149996,MD,1.2008229441149996
CCOCCOCC,300.0,,35.0,1949.5,0.9156528792876439,1.2236181235600008,MD,1.2236181235600008
NCCCC[C@H](N)C(=O)NCCCNCCCNCCCCNC(=O)[C@H](CC(N)=O)NC(=O)Cc1ccc(O)cc1O,300.0,,35.0,1724.5,0.000958650083605188,1.1796543676750002,MD,1.1796543676750002
C=CCOc1ccccc1OCC(O)CNC(C)C,300.0,,35.0,1799.5,0.009451824391662287,2.0056707049175007,MD,2.0056707049175007
CCOC(=O)C(SCCO)C(C(=O)OCC)n1ccc(=O)[nH]c1=O,300.0,,35.0,1299.5,0.000723663808458137,1.4389352153325004,MD,1.4389352153325004
CCNCCCCCNCCCCCNCC,300.0,,35.0,1324.5,0.005248367108127158,1.010929692515,MD,1.010929692515
CCCCCCCCC(=O)NCCCNCCCNCCCCNCCCNCCCNC(=O)CCCCCCCC,300.0,,35.0,924.5,0.0013998415540981924,1.7076051624850002,MD,1.7076051624850002
FC(F)(F)c1ccccc1,300.0,,35.0,1949.5,0.9321308417295691,1.2790787414075009,MD,1.2790787414075009
O=C(O)CS,300.0,,35.0,1949.5,0.29649374207513535,2.189758731490001,MD,2.189758731490001
CCCCCCCCCCCCCCCCOC[C@@H](CO[C@H]1O[C@H](CN)[C@@H](O)[C@H](O)[C@H]1N)OC,300.0,,35.0,1724.5,0.0029250058535579986,1.4426277669600003,MD,1.4426277669600003
CN1CC[C@]23c4c5ccc(O)c4O[C@H]2[C@@H](O)CC[C@H]3[C@H]1C5,300.0,,35.0,874.5,0.001377781516436258,1.4041211986849993,MD,1.4041211986849993
COC(=O)C(CCC(=O)O)CP(=O)(OCOC(=O)C(C)(C)C)OCOC(=O)C(C)(C)C,300.0,,35.0,1074.5,0.001873277145181777,1.461528582035001,MD,1.461528582035001
CCCCc1nc2cc(/C=C/C(=O)NO)ccn2c1CN(CC)CCC(C)C,300.0,,35.0,1649.5,0.0018950822915994878,0.9976568687699998,MD,0.9976568687699998
CCCN(CCOc1c(Cl)cc(Cl)cc1Cl)C(=O)n1ccnc1,300.0,,35.0,774.5,0.0016989215767099378,1.01845053372,MD,1.01845053372
CCCCCCCCCCCOCCOCCOCCOCCOCCO,300.0,,35.0,1174.5,0.01732569672903521,1.0613092219625004,MD,1.0613092219625004
CCCCCCCC/C=C/CCCCCCCC(=O)O,300.0,,35.0,749.5,0.005279399599126897,0.6459690636425001,MD,0.6459690636425001
CCCCCCCCCCCCOCC1CO1,300.0,,35.0,1374.5,0.04929338026891425,1.8966057966175,MD,1.8966057966175
Cc1cc(-c2cnc3cccnn23)cc(C)c1O,300.0,,35.0,1474.5,0.001996548622627848,1.3235768759375004,MD,1.3235768759375004
CC(NC(=O)[C@H](CC(=O)N(C)C)NC(=O)[C@@H](NC(=O)CC(C)(C)C)C(C)(C)C)C(=O)C(=O)NCc1ccccc1,300.0,,35.0,1024.5,0.00301659684599606,1.4489344389624998,MD,1.4489344389624998
CCCCNCCCCNCCCCNCCCCNCCCCNCC,300.0,,35.0,1799.5,0.0029395881064617825,1.5791978766024997,MD,1.5791978766024997
CCNCCCNCCCNCCCCNCCCNCCCNCC,300.0,,35.0,1749.5,0.0015241951078069909,2.1033882338525025,MD,2.1033882338525025
CCOP(=S)(OCC)Oc1ccc([N+](=O)[O-])cc1,300.0,,35.0,1074.5,0.0019668485755447835,1.7661935604249988,MD,1.7661935604249988
Cc1nc2ccc(NC(=O)CCNC(=O)NCCOc3ccc(CC(C(=O)O)C(=O)O)cc3)cc2s1,300.0,,35.0,1949.5,0.002140410355660093,1.5635074538724996,MD,1.5635074538724996
CCCCCCCCCO[C@@H]1[C@@H](N)[C@@H](OCC(O)CNCCO)O[C@H](CN)[C@H]1OCCCCCCCCC,300.0,,35.0,1774.5,0.003921853256905444,1.3361573407000007,MD,1.3361573407000007
ClC(Cl)=C(Cl)C(Cl)=C(Cl)Cl,300.0,,35.0,1949.5,0.33935485924663006,1.6595691740274998,MD,1.6595691740274998
BrCCCCCCCCCCCCBr,300.0,,35.0,1899.5,0.05132180042820077,1.4979345733350022,MD,1.4979345733350022
CN1CCCC1=O,300.0,,35.0,1949.5,0.27561966649610165,1.361028780707501,MD,1.361028780707501
O=C(c1ccccc1)N1CCN(C(=O)N2CCOCC2)C1,300.0,,35.0,324.5,0.0010852515606596114,1.3149917083000002,MD,1.3149917083000002
O=C(CC1CCCCC1)OC[C@H]1O[C@@H](OC(CO)CO)[C@H](O)[C@@H](O)[C@H]1O,300.0,,35.0,1874.5,0.0026654451369319087,1.2548208910699996,MD,1.2548208910699996
OCCOCCn1cc(CN(Cc2ccccc2)Cc2cn(CCOCCO)nn2)nn1,300.0,,35.0,1324.5,0.0011756626520743833,1.9335357626600003,MD,1.9335357626600003
CCCCCCCC(=O)Nc1ccc(S(=O)(=O)Nc2ccc(CCNC[C@H](O)c3cccnc3)cc2)cc1,300.0,,35.0,724.5,0.002080426738053929,1.5519154602524998,MD,1.5519154602524998
Oc1cccc(O)c1O,300.0,,35.0,1124.5,0.02189026328318003,1.4442833132775004,MD,1.4442833132775004
CCCCCCCCCCS(=O)(=O)NCCCNCCCNCCCCNCCCN,300.0,,35.0,1074.5,0.0013180386270707674,1.4768659623525004,MD,1.4768659623525004
C[C@@H]1CC(=O)NN=C1c1ccc(NN=C(C#N)C#N)cc1,300.0,,35.0,1024.5,0.0006177969183778659,1.0737388894249995,MD,1.0737388894249995
CCCCCC/C=C\CCCCCCCCCCCC(=O)OC[C@@H](O)COP(=O)([O-])OCC[N+](C)(C)C,300.0,,35.0,1074.5,0.0020954755311243145,1.661177183922501,MD,1.661177183922501
CCCC(O)CCCCCC(CCCCCCC(=O)O)C(C)=O,300.0,,35.0,1774.5,0.001899985618824727,1.034865145575001,MD,1.034865145575001
C[C@@H]1O[C@@H](O[C@H]2C[C@@H](O)[C@]3(CO)[C@@H]4C(CC[C@]3(O)C2)[C@@]2(O)CC[C@H]([C@@H]3COC(=O)C3)[C@@]2(C)C[C@H]4O)[C@H](O)[C@H](O)[C@H]1O,300.0,,35.0,1424.5,0.0010561625664912203,2.0535596576875004,MD,2.0535596576875004
CCCCCCCC/C=C\CCCCCCCC(=O)O,300.0,,35.0,1374.5,0.010723241958675574,0.7519501961625,MD,0.7519501961625
Cc1ccccc1OCC1CO1,300.0,,35.0,1474.5,0.029083247317027845,1.8575702257974998,MD,1.8575702257974998
OCCOCCOCCOCCO,300.0,,35.0,1774.5,0.05323347404530103,1.2629417527025002,MD,1.2629417527025002
CCCCCCCCCCCCCC1=C(O)C(=O)C=C(O)C1=O,300.0,,35.0,1374.5,0.004271498813435706,1.7037550825324999,MD,1.7037550825324999
CCC1(CCC(C)C)C(=O)NC(=O)NC1=O,300.0,,35.0,1099.5,0.0008432397913702803,1.5426508477125005,MD,1.5426508477125005
CCCCCCCCCC(=O)N[C@@H](CCCCN)C(=O)NCCN([C@@H](C)C(N)=O)S(=O)(=O)c1ccc(Cl)cc1,300.0,,35.0,1499.5,0.001580297752893307,1.1101172006549993,MD,1.1101172006549993
O=C(O)CCc1ccccc1,300.0,,35.0,1074.5,0.007744359104036809,1.1011216375424993,MD,1.1011216375424993
BrCc1ccccc1,300.0,,35.0,1949.5,0.5637712031379422,1.4653710459150004,MD,1.4653710459150004
Cc1cc(=O)oc2cc(OCCCCCOc3ccc4c(C)cc(=O)oc4c3)ccc12,300.0,,35.0,899.5,0.0016376668566857584,1.8715005231825015,MD,1.8715005231825015
Cc1ccccc1O,300.0,,35.0,1949.5,0.1858567433595968,1.4904874370200007,MD,1.4904874370200007
OCc1ccc(O)cc1,300.0,,35.0,1899.5,0.015376289022491245,1.9029431716024998,MD,1.9029431716024998
CCCCC/C=C\C/C=C\CCCCCCCC(=O)C[C@@H](O)COC(C)=O,300.0,,35.0,1524.5,0.014642111607642177,1.5489965131874999,MD,1.5489965131874999
Oc1ccccc1-c1ccccc1,300.0,,35.0,1949.5,0.023434966126368004,2.033068057619999,MD,2.033068057619999
Cc1nc(N(C)C)nc(OC(=O)N(C)C)c1C,300.0,,35.0,699.5,0.0012510336544939685,1.5366877581975005,MD,1.5366877581975005
CN1[C@@H]2CC(OC(=O)[C@H](CO)c3ccccc3)C[C@H]1[C@@H]1O[C@@H]12,300.0,,35.0,1774.5,0.0013447512369680057,1.0776928730924997,MD,1.0776928730924997
COc1ccccc1CNCCCNCCCCCCCNCCCNCc1ccccc1OC,300.0,,35.0,1149.5,0.0011678153557232048,2.1846109891675014,MD,2.1846109891675014
COc1ccccc1-c1cc(O)c2cc(C)cnc2n1,300.0,,35.0,1699.5,0.002727886621473135,1.757123155070002,MD,1.757123155070002
C(#Cc1ccccc1)c1ccccc1,300.0,,35.0,1574.5,0.030145230089318516,2.0155451789975003,MD,2.0155451789975003
C1COCCOCCOCCOCCOCCO1,300.0,,35.0,1474.5,0.0022144208118802405,1.976783447195,MD,1.976783447195
O=C(O)CCP(CCC(=O)O)CCC(=O)O,300.0,,35.0,1049.5,0.0013762793301006293,1.2179298268224996,MD,1.2179298268224996
CCCCCCCCCCOC(C)=O,300.0,,35.0,1774.5,0.10853523920237107,1.4693002676775007,MD,1.4693002676775007
CCCCCCCCCCCCCCN1C(=O)[C@@H]2[C@H](C1=O)[C@H]1CC[C@@H]2O1,300.0,,35.0,1624.5,0.0037599968686173888,1.5591880792550001,MD,1.5591880792550001
CC(Nc1ccc([N+](=O)[O-])cn1)c1ccccc1,300.0,,35.0,1474.5,0.007141952072201316,1.4720485299399997,MD,1.4720485299399997
CCCCCCCCCCCCCCOC(=O)CCCN,300.0,,35.0,1799.5,0.010239664899663667,0.9328514728225001,MD,0.9328514728225001
COCCOc1ccc(OCC(O)CNCCOc2ccc(O)c(C(N)=O)c2)cc1,300.0,,35.0,624.5,0.0012301938289868833,1.6464497153749997,MD,1.6464497153749997
CO[C@]12C(COC(N)=O)C3=C(C(=O)C(C)=C(N)C3=O)N1CC1NC12,300.0,,35.0,774.5,0.00043799168826760457,0.8239887057024999,MD,0.8239887057024999
COc1ccc(CCNC(=O)CCCCCn2c(SCC(N)=O)nc3cc4c(cc3c2=O)OCO4)cc1OC,300.0,,35.0,1224.5,0.0017856200886178478,1.4415636265425007,MD,1.4415636265425007
CCCCCCC(=O)O,300.0,,35.0,1324.5,0.03258717976784377,1.2882518018175007,MD,1.2882518018175007
CCc1n[nH]c(CC)c1CCCCCCOc1ccc(Br)cc1,300.0,,35.0,1574.5,0.002236712742608389,1.5749694597725,MD,1.5749694597725
CCNCCCNCCCNCCCNC[C@H](C)CO,300.0,,35.0,1249.5,0.0026131726114678373,0.9676487504374996,MD,0.9676487504374996
NCCCCCCCNCCSSCCNCCCCCCCN,300.0,,35.0,1099.5,0.001868139369109129,1.4759920423550006,MD,1.4759920423550006
CC1=CC(O)C(O)C2(C)C1CC1OC(=O)C(O)C3C(C)C(O)C4(O)OCC13C42,300.0,,35.0,724.5,0.0013146495067709865,0.9813776438324997,MD,0.9813776438324997
C1CCC2C(C1)CC1CCCCC12,300.0,,35.0,1924.5,0.02983328992240001,1.2278341172474994,MD,1.2278341172474994
Nc1ccc(O)cc1[N+](=O)[O-],300.0,,35.0,1224.5,0.006943990370273798,2.0806285214075007,MD,2.0806285214075007
CC(C)CCCCCCCCCCCCCCOC[C@@H](O)COP(=O)([O-])OCC[N+](C)(C)C,300.0,,35.0,1124.5,0.003222277926167669,1.110810781195,MD,1.110810781195
C[Si](C)(C)O[Si](C)(C)C,300.0,,35.0,1924.5,0.30182121793589145,1.4625848503450007,MD,1.4625848503450007
O=c1ccc2ccc(O)cc2o1,300.0,,35.0,999.5,0.002510436573439476,1.6861751236000015,MD,1.6861751236000015
C=C1C(=O)O[C@@H]2C[C@@H](C)[C@@H]3[C@@H](OC(C)=O)C[C@@H](O)[C@@]3(C)[C@@H](O)[C@H]12,300.0,,35.0,1224.5,0.0015143392926808578,1.2620184649299995,MD,1.2620184649299995
CCC(=O)C1(c2cccc(O)c2)CCN(C)CC1,300.0,,35.0,1249.5,0.0014224178619114479,1.0173140239675,MD,1.0173140239675
CC(C)(O)Cn1cc(-c2ccc3c(c2)N(c2nc4c(s2)C(=O)NC(C)(C)C4)CCO3)cn1,300.0,,35.0,799.5,0.0008078723567673734,0.9892665369175003,MD,0.9892665369175003
NCCCC[C@H](N)C(=O)NCCCOCCCCOCCCNC(=O)[C@@H](N)CCCCN,300.0,,35.0,1849.5,0.0015130607434459694,0.8800099545349996,MD,0.8800099545349996
O=C(NC1CCCC1)C(c1ccc(F)cc1)N(C(=O)c1csnn1)C1CC1,300.0,,35.0,899.5,0.002473384876806073,1.717237511245,MD,1.717237511245
CCCCCCNc1ccc(F)cc1,300.0,,35.0,1949.5,0.06240939086230718,1.8810034897300005,MD,1.8810034897300005
CC(C)[C@H](NC(=O)[C@H](CCCNC(=N)N)NC(=O)CS)C(N)=O,300.0,,35.0,924.5,0.0016164645684185997,0.9205735097375005,MD,0.9205735097375005
CCCCCCCCCCCCNCCOC,300.0,,35.0,1774.5,0.030609935697438317,1.2083568030574998,MD,1.2083568030574998
CNC[C@@H]1Oc2ccc(NC(=O)Cc3cn(C)c4ccccc34)cc2C(=O)N([C@H](C)CO)C[C@H]1C,300.0,,35.0,1024.5,0.0008310386874673877,0.8743836286825002,MD,0.8743836286825002
CC(C)C(=O)OC[C@@H](NC(=O)[C@H](N)CC(=O)O)C(C)C,300.0,,35.0,1124.5,0.0019987818152962886,1.2146195716775003,MD,1.2146195716775003
O=C1NC(=O)C2=C1c1cn(c3ccccc13)CCOCCOCCOCCn1cc2c2ccccc21,300.0,,35.0,1274.5,0.001195447730919595,1.32907329233,MD,1.32907329233
CCN(CC(C)C(=O)O)C(=O)C1CC1C1CC1,300.0,,35.0,1524.5,0.002396547307917112,1.236648428640001,MD,1.236648428640001
CC(C)(C)c1cc(C(C)(C)C)c(SC2OC(CO)C(O)C(O)C2O)c(O)c1O,300.0,,35.0,1124.5,0.004103918512401166,1.5407853578300004,MD,1.5407853578300004
CC(C)NCC(O)COc1ccccc1CCCSCC(=O)NCCOCCOCCNC(=O)CS(=O)(=O)O,300.0,,35.0,924.5,0.002018798691263266,1.2703158576175002,MD,1.2703158576175002
CCn1cc(CN(C)C(=O)c2nc3n(n2)CCCN3)cn1,300.0,,35.0,1274.5,0.0031050632070951842,1.8133077420825006,MD,1.8133077420825006
CCN(C)C,300.0,,35.0,1949.5,2.5115573891568626,1.3660930348550013,MD,1.3660930348550013
Cn1ccnc1C1c2n[nH]c(=O)c3cc(F)cc(c23)NC1c1ccccc1,300.0,,35.0,374.5,0.0021061849226841098,1.910072648465001,MD,1.910072648465001
CCCCCCCCCCCCOCCOCCOCCO,300.0,,35.0,1724.5,0.031013863652851994,1.1173637817075004,MD,1.1173637817075004
Cc1cc(=O)n(-c2ccccc2)n1C,300.0,,35.0,674.5,0.002176098379668688,1.952302248302501,MD,1.952302248302501
O=C(NO)[C@H]1CN(c2ccc(C#Cc3ccc(CN4CCOCC4)cc3)cc2)C(=O)O1,300.0,,35.0,1599.5,0.0019349592232031586,1.1694724207925,MD,1.1694724207925
CC(C)([N+](=O)[O-])[N+](=O)[O-],300.0,,35.0,1949.5,0.20206358594512575,2.5654195419774988,MD,2.5654195419774988
CC(CNC(=O)c1ccc(/C=C/C(=O)NO)cc1)Oc1no[n+]([O-])c1S(=O)(=O)c1ccccc1,300.0,,35.0,549.5,0.001973315855965829,1.45983254445,MD,1.45983254445
COc1ccc(Sc2ccc(OC)c3ccccc23)cc1,300.0,,35.0,749.5,0.004285858113821795,1.405680240310001,MD,1.405680240310001
CCCCCCCCCOc1ccc2[nH]ccc2c1,300.0,,35.0,1849.5,0.004360344516157378,1.679938860177502,MD,1.679938860177502
Cn1c(=O)n(CC(C)(C)C)c2ccc(C3=CC4CN(C(=O)C5(O)CCN(C(=O)OC(C)(C)C)C5)CC4C3)nc21,300.0,,35.0,199.5,0.0033524186183754123,0.9626651097700001,MD,0.9626651097700001
CCC(CC)O[C@@H]1C=C(C(=O)O)C[C@H](N(Cc2ccsc2)Cc2ccsc2)[C@H]1NC(C)=O,300.0,,35.0,699.5,0.001207375000601027,0.7850847905775002,MD,0.7850847905775002
NCCCNCCCCNCCCNCCCNCCCNC(=O)Cc1c[nH]c2ccccc12,300.0,,35.0,1049.5,0.0010471427168007796,1.9031998280725013,MD,1.9031998280725013
CN1CC[C@]23c4c5ccc(O)c4O[C@H]2[C@@H](O)C=C[C@H]3[C@H]1C5,300.0,,35.0,224.5,0.0010451681415174394,1.4674671254574994,MD,1.4674671254574994
CCC1(c2ccccc2)C(=O)NC(=O)NC1=O,300.0,,35.0,1174.5,0.0008144547040569806,2.0156648429425004,MD,2.0156648429425004
Cc1ccc(NC(=O)OCc2cccs2)cc1,300.0,,35.0,1049.5,0.002883697149129404,2.04546918842,MD,2.04546918842
NCCCCCCCCCCC(=O)N[C@@H](CO)C(=O)N[C@@H](CCCCN)C(=O)N[C@H](C(N)=O)C1CCCCC1,300.0,,35.0,1774.5,0.001231885842813237,1.2918115629874993,MD,1.2918115629874993
C=CC(=O)OCCCC,300.0,,35.0,1949.5,0.5445478635462931,1.9149686989500005,MD,1.9149686989500005
C=Cc1ccccc1,300.0,,35.0,1949.5,1.4526114352861283,1.6291068717025,MD,1.6291068717025
CCCCCCCCCCCC1=NCCN1CCO,300.0,,35.0,1349.5,0.005342107012437841,1.9472491287300002,MD,1.9472491287300002
NCCCCC(NC(=O)C1CCC1)C(=O)NC(Cc1ccccc1)C(=O)CCC(=O)N1CCCC1C(=O)NO,300.0,,35.0,1074.5,0.0012137646359142837,1.6296863402675006,MD,1.6296863402675006
CCCCCCCCCCCCCCC(F)(F)P(=O)(O)O,300.0,,35.0,1074.5,0.003081512578752059,1.3730949431875015,MD,1.3730949431875015
C=C1c2cccc(O)c2C(=O)C2=C(O)[C@]3(O)C(=O)C(C(N)=O)=C(O)C(N(C)C)C3C(O)C12,300.0,,35.0,1199.5,0.003174207198759689,1.03018416479,MD,1.03018416479
C=CC(=O)OCC(CC)CCCC,300.0,,35.0,1949.5,0.11988620913788207,1.6277057683825,MD,1.6277057683825
CCCCOC(=O)c1ccccc1C(=O)OCCCC,300.0,,35.0,1774.5,0.00513531707265388,1.0603005193775004,MD,1.0603005193775004
CCOC(=O)C1(c2ccccc2)CCN(C)CC1,300.0,,35.0,599.5,0.0011267397272671285,1.429122851782501,MD,1.429122851782501
Cc1cccc(C)c1NC(=O)CNC(=O)CCNC(=O)c1ccco1,300.0,,35.0,1099.5,0.0014644570178279784,2.0425623960625,MD,2.0425623960625
C[C@@](CCN1Cc2cc(C#Cc3ccc(C4(O)COC4)cc3)cn2C1=O)(C(=O)NO)S(C)(=O)=O,300.0,,35.0,174.5,0.000577675453518171,0.9944881350824996,MD,0.9944881350824996
NCCCCCN(CCCCCN)Cc1ccc(CN(CCCCCN)CCCCCN)cc1,300.0,,35.0,1324.5,0.0019312940524362802,1.0699558027975002,MD,1.0699558027975002
CC(=O)CCc1ccc(OCCCCOc2ccc(C(=O)CC(C)C)c(O)c2C)cc1,300.0,,35.0,1074.5,0.0040962596604592165,0.9950225851950008,MD,0.9950225851950008
COc1ccc([C@](C)(NC[C@H](O)c2ccc(O)c(NS(C)(=O)=O)c2)C(=O)Nc2cccc(O)c2)cc1,300.0,,35.0,1174.5,0.0005130073851018116,1.3322250769850006,MD,1.3322250769850006
CN(C)c1nc(NNC(=O)c2ccccc2)nc(N(C)C)n1,300.0,,35.0,1149.5,0.000832968457312081,1.6957395301874993,MD,1.6957395301874993
Cc1cc(O)cc(C)c1Cl,300.0,,35.0,1049.5,0.045216669245157756,1.2568374319300002,MD,1.2568374319300002
CNC(C)=O,300.0,,35.0,1949.5,0.21855210267171477,1.4672732460624998,MD,1.4672732460624998
O=C(/C=C/c1ccc(N(CCO)CCO)cc1)C[C@@H]1O[C@H](CO)[C@H](O)[C@H](O)[C@H]1O,300.0,,35.0,574.5,0.00046403813585207433,1.8957622681925006,MD,1.8957622681925006
COC(=O)c1ccc(N)cc1,300.0,,35.0,574.5,0.001246696634027019,1.7907043169225008,MD,1.7907043169225008
CC(=O)N[C@@H](CCCCN)C(=O)N[C@@H](CCCCN)C(=O)NCCCCCCN,300.0,,35.0,1024.5,0.0016097801852308117,0.8032005139174998,MD,0.8032005139174998
CC(C)COP(=O)(OCC(C)C)OCC(C)C,300.0,,35.0,1149.5,0.008593068870040126,1.2158277521100005,MD,1.2158277521100005
CCC(=O)OCC(=O)[C@@]1(O)CC[C@H]2[C@@H]3CCC4=CC(=O)CC[C@]4(C)[C@H]3[C@@H](O)C[C@@]21C,300.0,,35.0,324.5,0.0012738973083746838,1.7832188847324992,MD,1.7832188847324992
CC(C)N,300.0,,35.0,1949.5,1.8690891717872222,1.3670386369249996,MD,1.3670386369249996
COc1cc(CC(=O)NCCCNCCNCCCNC(=O)Cc2ccc(O)c(OC)c2)ccc1O,300.0,,35.0,949.5,0.0006370052926965476,1.7773165988375002,MD,1.7773165988375002
CCCCCCCCC(=O)Oc1coc2cc(O)cc(O)c2c1=O,300.0,,35.0,1224.5,0.003904702359970643,1.1981659300425005,MD,1.1981659300425005
Cc1cc(C)cc(Nc2ccccc2)c1,300.0,,35.0,999.5,0.0035546147988098765,1.2308052216049998,MD,1.2308052216049998
CC1(C)C(=O)N2c3ccccc3[C@@]3(C[C@H]4n5c(nc6ccccc6c5=O)C(=O)C(C)(C)[C@@]4(O)O3)[C@@H]2N1S(C)(=O)=O,300.0,,35.0,924.5,0.0029944250363350554,1.021407959295,MD,1.021407959295
CCCCCCC[C@@H](C/C=C/CCC(=O)N(C)C/C(=C\Cl)CC(=O)CC(=O)NC[C@H](O)CC(=O)OC)OC,300.0,,35.0,1049.5,0.0028094088079428296,1.4257629126250007,MD,1.4257629126250007
COC(=O)Cc1ccc(O)cc1,300.0,,35.0,1924.5,0.0026940317003357477,1.2510080729625006,MD,1.2510080729625006
CC(C)(C)C(=O)CC(=O)C(C)(C)C,300.0,,35.0,974.5,0.007726277155302042,1.1976964439150004,MD,1.1976964439150004
N#Cc1cnc(Nc2cc(NCCCN)ncn2)cn1,300.0,,35.0,649.5,0.0015006304704633198,1.943774418265001,MD,1.943774418265001
CCc1ccc(O)cc1,300.0,,35.0,1949.5,0.11435782559782771,1.2549461448100008,MD,1.2549461448100008
COc1c2occc2cc2ccc(=O)oc12,300.0,,35.0,1574.5,0.001327876516253058,1.6342908152825018,MD,1.6342908152825018
COCCO,300.0,,35.0,1949.5,1.8865294709005829,1.7236635741174995,MD,1.7236635741174995
Cn1c(=O)cnn(CCCCN2CCN(c3ccccc3OCCF)CC2)c1=O,300.0,,35.0,1949.5,0.002257372568636525,1.811405498637501,MD,1.811405498637501
Clc1ccc(COC(Cn2ccnc2)c2ccc(Cl)cc2Cl)c(Cl)c1,300.0,,35.0,1324.5,0.0030138367266490306,1.2004838258450008,MD,1.2004838258450008
BrC1CCC(Br)C(Br)CCC(Br)C(Br)CCC1Br,300.0,,35.0,1924.5,0.0031609241639134616,1.4752306169875007,MD,1.4752306169875007
CC(CNCCCNCCNCCCNCO)[N+](=O)[O-],300.0,,35.0,1799.5,0.0010328446412293305,2.2166666266424992,MD,2.2166666266424992
C=C1CCC[C@]1(C)[C@]1(C)CC=C(C)CC1,300.0,,35.0,1299.5,0.02488759329142076,1.1133987869224995,MD,1.1133987869224995
C=C1CC[C@H](OC(C)=O)[C@]2(C)[C@@H](OC(C)=O)C[C@@H](O)/C(C)=C\[C@@H]3OC(=O)[C@H](C)[C@]3(O)[C@@H](OC(C)=O)[C@@H]12,300.0,,35.0,524.5,0.0012685236350841857,1.4274058826699996,MD,1.4274058826699996
CC(C)CCC(=O)O,300.0,,35.0,1949.5,0.05246156457830135,1.5746766731950004,MD,1.5746766731950004
NCC(=O)CCC(=O)O,300.0,,35.0,1224.5,0.003063333205762318,1.38208920109,MD,1.38208920109
CCCCCCCCCCCCCCCCCCCC,300.0,,35.0,1349.5,0.009504606022190394,1.1114190442699998,MD,1.1114190442699998
Cc1ccc(C#N)cc1,300.0,,35.0,1949.5,0.4732685117210925,1.2890038317725003,MD,1.2890038317725003
CCOCn1ccc2c1CCc1cnn(C)c1-2,300.0,,35.0,1249.5,0.003823128915711599,1.7169286420100003,MD,1.7169286420100003
Cc1cc(=O)oc2cc(OCC(O)Cn3nnnc3C)cc(OCC(O)Cn3nnnc3C)c12,300.0,,35.0,1099.5,0.0007245167253307716,1.5444688861750007,MD,1.5444688861750007
N[C@H]1C=CCO[C@H]1C(=O)O,300.0,,35.0,1199.5,0.0020638277152270237,1.2966681417200006,MD,1.2966681417200006
CCc1cc(-c2noc(-c3cc(C(CC)CC)cc(OC)n3)n2)cc(C)c1OC[C@@H](O)CNC(=O)CO,300.0,,35.0,999.5,0.0011239188812121137,1.5498681830949999,MD,1.5498681830949999
CCCCCCc1ccc(-c2nc(N)[nH]c2CCCCCC)cc1,300.0,,35.0,749.5,0.0023797077324823777,1.6957037378150006,MD,1.6957037378150006
CCNCCCNCCCCNCCCN,300.0,,35.0,1799.5,0.00296032808330571,1.1591805404949997,MD,1.1591805404949997
ClC=C(Cl)Cl,300.0,,35.0,1949.5,2.8319145287884204,1.5774072256074994,MD,1.5774072256074994
Oc1cccc2ccccc12,300.0,,35.0,1899.5,0.02243975791595743,1.6464371660525015,MD,1.6464371660525015
CC(=O)[C@H]1CC[C@H]2[C@@H]3CCC4=CC(=O)CC[C@]4(C)[C@H]3CC[C@]12C,300.0,,35.0,1849.5,0.0012738409347158193,0.8897381161624998,MD,0.8897381161624998
CNC(=O)COc1ccc(NC(=O)c2ccc(-c3nn(C)c(=O)c4ccccc34)cc2)cc1,300.0,,35.0,699.5,0.0009315488806782308,1.9907899329750025,MD,1.9907899329750025
C=CCc1ccccc1OCC(O)CNC(C)C,300.0,,35.0,1499.5,0.010954551084235629,1.8818860950475007,MD,1.8818860950475007
CC(=O)Oc1ccccc1C(=O)O,300.0,,35.0,1949.5,0.004725645363159672,1.676793808404999,MD,1.676793808404999
CC(CCl)OP(=O)(OC(C)CCl)OC(C)CCl,300.0,,35.0,999.5,0.007969777138702061,1.3048807492300005,MD,1.3048807492300005
Cc1cccc(-c2nc(CN3CCN(C(=O)C4CCCO4)CC3)co2)c1,300.0,,35.0,799.5,0.004081837130167578,1.9158287222550003,MD,1.9158287222550003
CC(Cl)CCl,300.0,,35.0,1949.5,1.3009864177489463,1.2565211602474995,MD,1.2565211602474995
COCCNc1ccc(C(=O)O)cn1,300.0,,35.0,924.5,0.001763136046134743,1.752870982005,MD,1.752870982005
NCCCCN(CCCCN)Cc1ccc(CN(CCCCN)CCCCN)cc1,300.0,,35.0,1249.5,0.0015932621929555181,1.0924589376025005,MD,1.0924589376025005
CN1CCC[C@H]1c1cccnc1,300.0,,35.0,1449.5,0.06883243382035398,1.6206429698700007,MD,1.6206429698700007
CCCCCCCNCc1ccc(C)cc1,300.0,,35.0,1524.5,0.03925020030885382,2.3287978924650004,MD,2.3287978924650004
COc1cc(C(=O)OCCCCNC(=N)NCCS)cc(OC)c1O,300.0,,35.0,574.5,0.0010300204996324938,1.6637946623774997,MD,1.6637946623774997
CCCCCc1ccc(Cl)cc1,300.0,,35.0,1949.5,0.24022619931826486,1.9046586902175004,MD,1.9046586902175004
CCOCOCC,300.0,,35.0,1949.5,1.2897873267408915,1.1378094645400005,MD,1.1378094645400005
COc1ccc(/C=C/c2cccc(/C=C/c3ccc(OC)c(N)c3)n2)cc1N,300.0,,35.0,1849.5,0.005533084748684727,1.3314822903350005,MD,1.3314822903350005
NCCCC[C@H](COC(N)=O)NC(=O)CN(CCCCN)C(=O)OC[C@@H](N)CCCN=C(N)N,300.0,,35.0,1049.5,0.0008672940793045615,0.7065015791750001,MD,0.7065015791750001
COc1ccc2c(NC3CCN(Cc4ccccc4)CC3)nc(NCCNC(=O)CCCCCC(=O)NO)nc2c1,300.0,,35.0,1949.5,0.000877826253215713,1.4531754496550002,MD,1.4531754496550002
O=C(c1ccccc1)c1ccccc1,300.0,,35.0,1499.5,0.014925600960556198,2.540481629745001,MD,2.540481629745001
CC(C)COc1ccc(C(=O)OCCN2CCCCC2)cc1,300.0,,35.0,1524.5,0.003279897112758685,1.1774515172324995,MD,1.1774515172324995
C=CC(=O)OC,300.0,,35.0,1949.5,1.7413544055170673,1.6246074440150005,MD,1.6246074440150005
CC(C)(N)C(=O)NCCCNCCCCNCCCN,300.0,,35.0,1074.5,0.0021914650084613476,0.9992110019975005,MD,0.9992110019975005
CNCCC=C1c2ccccc2CCc2ccccc21,300.0,,35.0,1374.5,0.0025404594133832826,1.3248322015599996,MD,1.3248322015599996
BrCCCCCCCCCCBr,300.0,,35.0,1949.5,0.0890966032082034,1.4540607626000017,MD,1.4540607626000017
CC(Cl)(Cl)Cl,300.0,,35.0,1949.5,1.4305264847904322,1.3944589307200002,MD,1.3944589307200002
CCc1nc2ccccc2n1CCCCOc1ccc(Cl)cc1C,300.0,,35.0,949.5,0.003399785544473864,1.1437296633900003,MD,1.1437296633900003
CCc1cccc2c3c([nH]c12)C(CC)(CC(=O)O)OCC3,300.0,,35.0,174.5,0.0009247761137830074,1.1887109860100005,MD,1.1887109860100005
CCOC(=O)CP(=O)(OC)OC[C@H]1O[C@@H](n2cc(C)c(=O)[nH]c2=O)C[C@@H]1O,300.0,,35.0,799.5,0.001151065240350795,1.742849312582501,MD,1.742849312582501
CCCOc1ccc(O)cc1,300.0,,35.0,1399.5,0.017126500038914954,1.2893017959750006,MD,1.2893017959750006
NCCCCN(CCCN)CCCCN(CCCN)CCCCN,300.0,,35.0,949.5,0.0023934713244955267,1.3305471696625013,MD,1.3305471696625013
COc1ccc2c(c1)C(=O)N(C[C@@]1(C#Cc3ccc(C(=O)N4CCC(N5CCCCC5)CC4)cc3)NC(=O)NC1=O)C2,300.0,,35.0,1949.5,0.0016494643907078587,1.3668042498750004,MD,1.3668042498750004
COCCCCCCCCNC(=O)C(Cc1ccccc1)NC(=O)[C@](C)(Cc1ccccc1)NC(=O)OC(C)(C)C,300.0,,35.0,1949.5,0.002843890655421857,1.3989529864225017,MD,1.3989529864225017
O=C(c1ccccc1)c1ccc2n1CCC2C(=O)O,300.0,,35.0,1724.5,0.0024056687801694405,1.4887172654349996,MD,1.4887172654349996
CN(C)CCCNc1c2ccccc2nc2c1oc1c(OCCCN(C)C)cccc12,300.0,,35.0,1899.5,0.0016871766094141518,0.7131168098249995,MD,0.7131168098249995
CCCCCC(=O)O,300.0,,35.0,1174.5,0.059043064506914475,1.3622974036374993,MD,1.3622974036374993
O=C(C1CCN(c2ccc(S(=O)(=O)C3(C(=O)NO)CCOCC3)cc2)CC1)N1CCN(c2ccccn2)CC1,300.0,,35.0,499.5,0.001883910040263711,1.5333349844150004,MD,1.5333349844150004
CCc1c(CC(N)=O)c2c(OCC(N)=O)cccc2n1Cc1ccccc1,300.0,,35.0,649.5,0.001141722557184667,1.6274747123700006,MD,1.6274747123700006
CC(=O)O[C@@H]1CC[C@@]2(C)[C@@H](C[C@H](O)[C@]3(C)[C@@H]2C(=O)C=C2[C@@H]4[C@@H](C)[C@H](C)[C@@H](O)C[C@]4(C)CC[C@]23C)[C@@]1(C)C(=O)O,300.0,,35.0,1949.5,0.002786869318315767,1.7647102844149987,MD,1.7647102844149987
CC(=O)[C@@]1(O)CC[C@H]2[C@@H]3CC=C4C[C@@H](O)CC[C@]4(C)[C@H]3CC[C@@]21C,300.0,,35.0,1174.5,0.00339785627926398,1.0027644084850005,MD,1.0027644084850005
C[C@H](NC(=O)CC[C@H](N)C(=O)O)C(=O)NCP(=O)(O)CCCCNCCCCN,300.0,,35.0,924.5,0.0013479994977473348,1.1746284772524997,MD,1.1746284772524997
CC(C)C[C@@H]1NC(=O)[C@@H](N)CCCCCCC[C@@H](C(=O)N(C)C)NC(=O)[C@@H]2CCCN2C(=O)[C@H](C)NC1=O,300.0,,35.0,1049.5,0.0012776907865075415,1.1273213178924995,MD,1.1273213178924995
C[N+](C)(C)CCOP(=O)([O-])OCCCCCCCCCCCCOP(=O)([O-])OCC[N+](C)(C)C,300.0,,35.0,649.5,0.0007115853847191756,1.4690044258700012,MD,1.4690044258700012
COc1ccc2c3c1O[C@H]1[C@@H](O)CC[C@H]4[C@@H](C2)N(C)CC[C@@]341,300.0,,35.0,1524.5,0.0024774630298955366,1.2462672302850002,MD,1.2462672302850002
CCNCCCCNCCCCNCCCCNCCCCNCCCCNCCCCNCCCCNCC,300.0,,35.0,1724.5,0.002689770201622397,1.4769144473525015,MD,1.4769144473525015
CC(=O)c1ccc(S(=O)(=O)N2CCN(C(=O)c3cccc(S(=O)(=O)N4CC(C)OC(C)C4)c3)CC2)cc1,300.0,,35.0,1099.5,0.0006117488399507282,1.3769985936375,MD,1.3769985936375
CC(C)[C@H](NC(=O)CCc1ccccc1)C(=O)N[C@@H](C)C(=O)NC(CC(=O)O)C(=O)COC(=O)CCc1ccccc1,300.0,,35.0,824.5,0.003754734100244847,2.0537515691699997,MD,2.0537515691699997
NS(=O)(=O)C1C=CC(NC(=O)CCCCN2CCOCC2)C=C1,300.0,,35.0,1524.5,0.0008187863419776178,1.1860085302699996,MD,1.1860085302699996
NCCCNCCCCNCCCNC(=O)CCCCCCCCCCC(=O)NCCCNCCCCNCCCN,300.0,,35.0,849.5,0.0023414395735775408,1.6104560993024994,MD,1.6104560993024994
CC(C)(C)Cl,300.0,,35.0,1949.5,1.1336221776038597,0.9910133457724994,MD,0.9910133457724994
CCCCCC[C@]1(O)CC[C@H]2[C@@H]3CCc4cc(O)ccc4[C@H]3CC[C@@]21C,300.0,,35.0,449.5,0.0020736397164064927,0.8006912826125,MD,0.8006912826125
CCCCCCCCN1CCCC1=O,300.0,,35.0,1174.5,0.05135994456631601,1.7855975578474994,MD,1.7855975578474994
C[C@]12C[C@H](O)[C@H]3[C@@H](CCC4=CC(=O)CC[C@@]43C)[C@@H]1CC[C@@H]2C(=O)CO,300.0,,35.0,849.5,0.0006827368574112035,0.9816607907124997,MD,0.9816607907124997
CCCCCCCCCCCCCCCCCCCCCCCCCCCCCCCCCC,300.0,,35.0,1649.5,0.009415360497352419,1.1556343430475002,MD,1.1556343430475002
NC(=O)CC1NC(=O)c2ccccc21,300.0,,35.0,349.5,0.0009620219111685424,1.1430092467000004,MD,1.1430092467000004
C[C@]12CCC(=O)C=C1CC[C@@H]1[C@@H]2[C@@H](O)C[C@@]2(C)[C@H]1CC[C@]2(O)C(=O)COC(=O)CCCCCC(N)=O,300.0,,35.0,424.5,0.0004301153470187381,1.1023480099824996,MD,1.1023480099824996
CN(C/C=C/C#CC(C)(C)C)Cc1cccc2ccccc12,300.0,,35.0,1049.5,0.0017589506830817257,0.6149696114424994,MD,0.6149696114424994
CC(=O)N[C@@H]1CN(C(=O)CC2CCOCC2)C[C@H]1O,300.0,,35.0,874.5,0.0011637889385512248,1.737855819170001,MD,1.737855819170001
CCCCCCCCCCCCS(=O)(=O)NCCCNC/C=C/CNCCCN,300.0,,35.0,1149.5,0.003789595169555853,2.3838134618775,MD,2.3838134618775
CCCCCCCCCCCCCCCCCCOCC(O)CO,300.0,,35.0,674.5,0.009675479825978515,1.455235354587501,MD,1.455235354587501
O=C1[C@H]2[C@H]3[C@H](O)[C@H](O)C/C(=N/OCc4ccccc4)[C@H]3CC[C@@H]2C(=O)N1c1cccc(Oc2ccccc2)c1,300.0,,35.0,799.5,0.0009189623522706721,1.0370077773049997,MD,1.0370077773049997
CCCCCCCCCCCCCCCC(=O)NCCC,300.0,,35.0,1949.5,0.007701339822751976,1.7926718321825,MD,1.7926718321825
CON(C)C(=O)c1ccc(-c2csc3c(N(C)C4CCN(C(=O)OC(C)(C)C)CC4)ncnc23)cc1,300.0,,35.0,624.5,0.002518581373939223,0.90454100317,MD,0.90454100317
CC(C)CCCC(C)CCCC(C)CCCC(C)CCOc1ccc[n+](CC(P(=O)([O-])O)P(=O)(O)O)c1,300.0,,35.0,649.5,0.0014828240498280317,1.2413402213275004,MD,1.2413402213275004
CC(C)C(O)C(=O)O,300.0,,35.0,1949.5,0.062560461431426,1.2942588025575008,MD,1.2942588025575008
CCCCCCCCCCCCCCCC(=O)NC(CCCN)C(=O)NC(CCCN)C(=O)NC(CCCN)C(N)=O,300.0,,35.0,1224.5,0.0023579551356652313,1.3032823057775005,MD,1.3032823057775005
Cc1c(NC(=O)c2ccc(Cl)c(C#N)c2)cnc2c1c(C1CCN(C(=O)C(C)C)CC1)cn2C,300.0,,35.0,324.5,0.0016301279496330793,1.3883590945425006,MD,1.3883590945425006
NCCCNCCCCN(CCCN)Cc1ccc(CN(CCCN)CCCCNCCCN)cc1,300.0,,35.0,1824.5,0.0023577799819721255,1.0703320191625005,MD,1.0703320191625005
C=C1c2cccc3cccc(c23)C1(Cc1cccnc1)Cc1cccnc1,300.0,,35.0,1749.5,0.003579652444985972,0.9716554044625003,MD,0.9716554044625003
CCCCCCCCCCCCNC(=O)[C@@H](OCc1ccccc1)[C@H]1OC(N=[N+]=[N-])[C@H](OC(C)=O)[C@H]1OC(C)=O,300.0,,35.0,699.5,0.002815438811376625,1.5230174063175008,MD,1.5230174063175008
C[C@@H]1C[C@H](O)[C@]2(O)O[C@@H]3C[C@@]4(C=O)[C@@H](CC[C@@H]5[C@@H]4C[C@@H](O)[C@]4(C)[C@@H](C6=CC(=O)OC6)[C@H](O)C[C@]54O)C[C@H]3O[C@@H]2O1,300.0,,35.0,674.5,0.0002572118382695742,2.0158694398075,MD,2.0158694398075
CCCC(=O)NC(Cc1ccc(O)cc1)C(=O)NCCCCCCCNCCCCN,300.0,,35.0,1424.5,0.001278262585698871,1.4422788471650005,MD,1.4422788471650005
O=C(O)C(Br)Br,300.0,,35.0,1949.5,0.09084895434472359,1.665293166027499,MD,1.665293166027499
CC(C)Cc1ccc(C(C)C(=O)O)cc1,300.0,,35.0,1024.5,0.004017262450389942,0.8983121701875002,MD,0.8983121701875002
CC(=O)Oc1ccc2c3ccc(OC(C)=O)c4c(=O)cc(OC(C)=O)c(c5c(OC(C)=O)cc(=O)c1c25)c43,300.0,,35.0,974.5,0.0005677050791711244,1.5385011364875008,MD,1.5385011364875008
CCNCCCNCC1CC1CNCCCNCC,300.0,,35.0,1799.5,0.002883793591789623,2.175169660190002,MD,2.175169660190002
CCCCCCOC(=O)c1cccnc1,300.0,,35.0,1824.5,0.03403369489264463,1.5479679230175003,MD,1.5479679230175003
CC[C@H](C)CNCCCNCCCCCCCNCCCN,300.0,,35.0,799.5,0.004515123446201708,1.1409572772150005,MD,1.1409572772150005
O=C(O)CCCc1ccccc1,300.0,,35.0,1874.5,0.013894289166150672,1.1001806608424995,MD,1.1001806608424995
ClC(Br)Br,300.0,,35.0,1949.5,1.5110729191696155,1.545719778187501,MD,1.545719778187501
CC(C(=O)O)c1ccccc1,300.0,,35.0,1449.5,0.007062845980713053,1.8845570636849995,MD,1.8845570636849995
CC(O)CO,300.0,,35.0,1949.5,0.22957198631556588,1.4137300282700003,MD,1.4137300282700003
O=C(O)CCCC(CCCNS(=O)(=O)c1ccc(Cl)cc1)CCc1cccnc1,300.0,,35.0,624.5,0.000755798635446483,0.9785823726825,MD,0.9785823726825
COc1ccc(NCCNC(=O)[C@H](CC(C)C)NC(=O)OCc2ccccc2)cc1,300.0,,35.0,1099.5,0.0017309762444651339,1.7960875210850014,MD,1.7960875210850014
CCCCCCCCCCCCCC(=O)O,300.0,,35.0,1149.5,0.009924083965642132,1.4287201147425008,MD,1.4287201147425008
OCCc1ccccc1,300.0,,35.0,1949.5,0.16562574093560467,1.9915921249225006,MD,1.9915921249225006
C=CC(Cl)CCl,300.0,,35.0,1949.5,1.447028778740129,2.0071112589799993,MD,2.0071112589799993
N#CC(Cl)Br,300.0,,35.0,1949.5,0.9900730607600221,1.2360768087550007,MD,1.2360768087550007
NCCCCNCCCCNCc1cc(CNCCCCNCCCCN)cc(CNCCCCNCCCCN)c1,300.0,,35.0,1749.5,0.002624948939832379,1.9680482056725013,MD,1.9680482056725013
CCC(=O)O,300.0,,35.0,1949.5,0.322589645536922,1.3748914448599998,MD,1.3748914448599998
CCNC(=O)NCCCNCCCNCCCNC(=O)NCC,300.0,,35.0,749.5,0.001807628642256048,2.2477268227475005,MD,2.2477268227475005
CN(C)CCOCCN(C)CCO,300.0,,35.0,1599.5,0.04566959854775603,1.485829732395,MD,1.485829732395
CCOC(=O)c1nn(C)nc1O,300.0,,35.0,399.5,0.000879922708413482,1.3544926068674998,MD,1.3544926068674998
COCCOCCOCCOCCOCCOCCOCCOCCOCCOCCO,300.0,,35.0,1274.5,0.010033172202278012,0.9763261749149997,MD,0.9763261749149997
NCCCNCCNCCCN,300.0,,35.0,1124.5,0.0019268408673327442,0.9880342179824999,MD,0.9880342179824999
Cl/C=C\CCl,300.0,,35.0,1949.5,2.803338317205583,2.1649323371650007,MD,2.1649323371650007
CC(C)CCCC(C)CCCC(C)CCCCC(C)CCCC(C)CCCC(C)C,300.0,,35.0,1174.5,0.003475318448160289,1.6221033400925007,MD,1.6221033400925007
CCOC(=O)CC,300.0,,35.0,1949.5,0.9193676141567443,1.08230359929,MD,1.08230359929
CC1CO1,300.0,,35.0,1949.5,3.6227473983620895,1.8291949617849992,MD,1.8291949617849992
CCCCCCCCCCNCCN,300.0,,35.0,1799.5,0.0076419294320603185,1.1306082182099997,MD,1.1306082182099997
CC1CCc2cc(F)ccc2N1C(=O)CN1C(=O)c2ccccc2C1=O,300.0,,35.0,699.5,0.003285747935304192,1.1669448700350002,MD,1.1669448700350002
O/N=C(/Nc1cccc(-c2ccccc2)c1)c1ccc2occc2c1,300.0,,35.0,1449.5,0.002256490666605877,1.186028857642499,MD,1.186028857642499
Cc1nn(C2CCCC2)c(C)c1S(=O)(=O)N[C@@H](C)CNc1cccc2c1cnn2-c1ccc(F)cc1,300.0,,35.0,599.5,0.0010861286739255488,0.9268847844224998,MD,0.9268847844224998
N=C(N)NCC[C@@H](N)C(=O)NCCCCCCCCNCCCCNC(=O)[C@H](CC(N)=O)NC(=O)Cc1ccccc1,300.0,,35.0,774.5,0.0006037279383188537,1.0329252442149999,MD,1.0329252442149999
Fc1cccc(CNc2cccc(-c3cc(NCC4CCOCC4)ncc3Cl)n2)c1,300.0,,35.0,1674.5,0.0015160787098931826,1.3052267708199992,MD,1.3052267708199992
CCOC(=O)c1ccccc1C(=O)OCC,300.0,,35.0,1399.5,0.006271514599252672,1.3345100387474997,MD,1.3345100387474997
CCCCC(=O)O[C@]1(C(=O)CO)[C@@H](C)C[C@H]2[C@@H]3CCC4=CC(=O)C=C[C@]4(C)[C@@]3(F)[C@@H](O)C[C@@]21C,300.0,,35.0,1449.5,0.0042250170770645,0.9827272817924999,MD,0.9827272817924999
CN(C)C1CCN(C(=O)Cn2cc(NC(=O)c3c(N)nn4cccnc34)c(-c3cc(Cl)ccc3OC(F)F)n2)CC1,300.0,,35.0,274.5,0.0006267186881519884,1.1885931842625004,MD,1.1885931842625004
CC(C)c1nc2ccc(-c3ccc(Cl)cc3)cc2c(=O)n1C[C@H]1CCCN(C(C)C)C1,300.0,,35.0,999.5,0.0014876772772389277,1.0164335786499996,MD,1.0164335786499996
O=C(O)CC[C@H](CP(=O)(O)C[C@H](CCC(=O)O)C(=O)O)C(=O)O,300.0,,35.0,1574.5,0.0009960700392840183,0.8822887461724999,MD,0.8822887461724999
C/C=C/CNC(=N)NCCCCCCCCNCCCCCCCCNC(=N)N,300.0,,35.0,1324.5,0.004228351540843246,1.08512809862,MD,1.08512809862
Cc1ccc2oc(=O)ccc2c1,300.0,,35.0,1824.5,0.0034888134783093456,2.240491062887502,MD,2.240491062887502
COc1ccccc1CNCCCN(CCCCCCN)CCCCCCCCNCCCCCCN,300.0,,35.0,1424.5,0.0028854297779792163,1.5868484511199994,MD,1.5868484511199994
COC(=O)c1ccccc1C(=O)OC,300.0,,35.0,1949.5,0.011710735943328237,1.8067803677850012,MD,1.8067803677850012
C1CCCCCCCCCCC1,300.0,,35.0,1774.5,0.018756361024233493,2.080969349312499,MD,2.080969349312499
CN(C)c1ccccc1,300.0,,35.0,1949.5,0.26364345176932835,1.1450863809125003,MD,1.1450863809125003
CCCCCCCOc1c(C(=O)NN)sc(C(=O)NN)c1OCCCCCCC,300.0,,35.0,849.5,0.0026560972147000746,1.607901551775,MD,1.607901551775
CCCCCCCCCCCCCCCCS(=O)(=O)NCCCN(CCCN)CCCN,300.0,,35.0,1174.5,0.0018877137948734124,1.0439917412075008,MD,1.0439917412075008
Cc1ccc(O)cc1,300.0,,35.0,1949.5,0.1250474248242483,1.7188873817975008,MD,1.7188873817975008
COc1ccc2c3c1O[C@H]1C(=O)CC[C@@]4(O)[C@@H](C2)N(C)CC[C@]314,300.0,,35.0,849.5,0.0016096283586048694,1.6616997137899994,MD,1.6616997137899994
O=C(O)CBr,300.0,,35.0,1949.5,0.21674012590788663,2.3394630640400003,MD,2.3394630640400003
NCCc1ccccc1,300.0,,35.0,1949.5,0.18906998357651186,1.7370714111875,MD,1.7370714111875
O=C(N[C@@H](Cc1ccccc1)C(=O)N[C@H](/C=C/S(=O)(=O)Oc1ccccc1)CCc1ccccc1)OCc1ccccc1,300.0,,35.0,999.5,0.00139374106278181,2.6639739732249996,MD,2.6639739732249996
CCCCOCCOP(=O)(OCCOCCCC)OCCOCCCC,300.0,,35.0,1374.5,0.010661554883418243,1.9778437346650022,MD,1.9778437346650022
Oc1ccccc1O,300.0,,35.0,1949.5,0.08287211079262373,1.6493377755925005,MD,1.6493377755925005
CC(C)S(=O)(=O)NCCCCCCCNS(=O)(=O)C(C)C,300.0,,35.0,1549.5,0.0019765700505290917,0.9495323228349999,MD,0.9495323228349999
CC(C)N(Cc1no[n+]([O-])c1C#N)C(C)C,300.0,,35.0,1849.5,0.010823659064173994,1.3426743042875,MD,1.3426743042875
CCCCCCC[C@@H](C/C=C/CCC(=O)N(C)C/C(=C/Cl)C/C(=C\C(=O)N1C[C@H](O)CC1=O)OC)OC,300.0,,35.0,749.5,0.00242541172824716,1.6341747750549993,MD,1.6341747750549993
CO[C@]12CC[C@@]3(C[C@@H]1[C@](C)(O)C(C)(C)C)[C@H]1Cc4ccc(O)c5c4[C@@]3(CCN1CC1CC1)[C@H]2O5,300.0,,35.0,1099.5,0.0023154413304028723,0.841430697905,MD,0.841430697905
CCC(CN)CC(C)CCNCC(O)CNCC(C)CC(CC)CN,300.0,,35.0,1699.5,0.001725970491146158,1.4455997480525005,MD,1.4455997480525005
NCCCCNCc1ccc(F)cc1,300.0,,35.0,1124.5,0.005668091439000579,2.071159194282499,MD,2.071159194282499
N#CC(Br)Br,300.0,,35.0,1949.5,0.7361166518687067,1.1699454398725002,MD,1.1699454398725002
CCCCC(CC)CO,300.0,,35.0,1949.5,0.10575897847030888,1.4766316933349999,MD,1.4766316933349999
O=C1Nc2ccccc2C12c1c(c3ccccc3oc1=O)Oc1c2c(=O)oc2ccccc12,300.0,,35.0,874.5,0.0013675614690242105,1.8142968111825022,MD,1.8142968111825022
CCOC(=O)c1ccncc1,300.0,,35.0,1874.5,0.05173405649328269,1.5230922822150008,MD,1.5230922822150008
CCCCCCCCCCC[C@@H](O)CC(=O)N[C@H]1C(CC(=O)O)OC(CO)C(O)C1O,300.0,,35.0,1399.5,0.0015595884718396225,1.1335942517200004,MD,1.1335942517200004
N=C(N)NCCCN(CC(=O)N[C@@H](CCCCN)C(=O)N[C@@H](C(N)=O)c1ccccc1)C(=O)c1ccccc1,300.0,,35.0,999.5,0.0008848872203027537,0.9829690468149995,MD,0.9829690468149995
CCC(CO)OCn1cnc2c(O)nc(N)nc21,300.0,,35.0,224.5,0.0009003054099953149,1.4051866212425008,MD,1.4051866212425008
C[C@H](NC1(N)CCNCC1)C(=O)Nc1ccc2c(c1)C(=O)c1ccc(NC(=O)[C@H](C)NC3(N)CCNCC3)cc1C2=O,300.0,,35.0,1074.5,0.002219752460258651,1.0287193129825,MD,1.0287193129825
O=C(O)Cc1ccccc1Nc1c(Cl)cccc1Cl,300.0,,35.0,699.5,0.0013892285878531984,0.8519226280374999,MD,0.8519226280374999
CN(C/C=C\CN)C[C@H]1O[C@@H](n2cnc3c(N)ncnc32)[C@H](O)[C@@H]1O,300.0,,35.0,524.5,0.0009135209030489825,1.3027055541999997,MD,1.3027055541999997
Cn1c(=O)c2c(ncn2C)n(C)c1=O,300.0,,35.0,1399.5,0.0020935385266455998,2.022360610965001,MD,2.022360610965001
CCNCC,300.0,,35.0,1949.5,1.8292617447167732,1.4316472753025005,MD,1.4316472753025005
CCCCCCCCN1CCCCCC1=O,300.0,,35.0,1849.5,0.015849417542931243,1.7992370255025,MD,1.7992370255025
CCCCCCCCCCCCCCNC(=O)/C=C\C(=O)OCc1cn(CCOCCOCCOCCO)nn1,300.0,,35.0,1074.5,0.0033111999482806393,2.0052485474275006,MD,2.0052485474275006
CC1=NC(C)(C)N(O)C1(C)C,300.0,,35.0,1199.5,0.004934797232789585,1.2978858781150004,MD,1.2978858781150004
CCOP(=O)(OCC)SCCCCCSP(=O)(OCC)OCC,300.0,,35.0,1499.5,0.002209910251978028,1.896650019912502,MD,1.896650019912502
CCCCCCCCCCCCCCC(=O)NCCCNCCCNCCCCNCCCN,300.0,,35.0,674.5,0.0008868316792592768,1.5707709130275007,MD,1.5707709130275007
CC(=O)Oc1ccc(CO)cc1,300.0,,35.0,1949.5,0.0160742829619891,1.8509570737324994,MD,1.8509570737324994
Cc1cc(C)cc(-c2ccc(C[C@H](NC(=O)[C@@H](N)CCCNC(=N)N)C(=O)N[C@@H](CCCNC(=N)N)C(N)=O)cc2)c1,300.0,,35.0,1749.5,0.001771202972047895,0.7715050257174997,MD,0.7715050257174997
N#C/C(=C/c1cn(-c2ccccc2)nc1-c1ccccc1)c1nnc(NC(=O)c2ccccc2)o1,300.0,,35.0,1049.5,0.005376706990687466,1.91204100585,MD,1.91204100585
CC(C(=O)O)c1cccc(C(=O)c2ccccc2)c1,300.0,,35.0,949.5,0.0003923909324165651,1.5008051561325004,MD,1.5008051561325004
OC(O)C(Cl)(Cl)Cl,300.0,,35.0,1524.5,0.028867129011493093,1.7074311745575006,MD,1.7074311745575006
CNCC(=O)CNCCCCCCCNCC(=O)CNC,300.0,,35.0,1249.5,0.0029066568171055218,1.4644552345700008,MD,1.4644552345700008
CC(C)NCC(O)c1ccc(O)c(O)c1,300.0,,35.0,1424.5,0.0013589896792249427,1.7473060329325005,MD,1.7473060329325005
CCCCCCCC(=O)OCC(=O)[C@@]1(O)CC[C@H]2[C@@H]3CCC4=CC(=O)CC[C@]4(C)[C@H]3[C@@H](O)C[C@@]21C,300.0,,35.0,749.5,0.0007166929379555324,1.573345698294999,MD,1.573345698294999
COc1ccc2c3c1O[C@H]1C(=O)CC[C@H]4[C@@H](C2)N(C)CC[C@]314,300.0,,35.0,224.5,0.0007977974915791689,1.3954541147250006,MD,1.3954541147250006
CCCCCCCCCCc1ccc(-c2noc(CC3CCNC3)n2)cc1,300.0,,35.0,1124.5,0.004025469123224242,2.026079122127502,MD,2.026079122127502
O=C(O)C(Cl)Br,300.0,,35.0,1949.5,0.13206200888411584,1.6482254604525008,MD,1.6482254604525008
CCCCCCCCCCCCNCCCN,300.0,,35.0,874.5,0.009998576789800656,1.1733332478199998,MD,1.1733332478199998
C[C@H](n1cnnc1-c1nc(NC(=O)c2cc(-n3cnc(C4CC4)c3)c(N3CC4(CCOCC4)C3)cn2)cs1)C(F)(F)F,300.0,,35.0,1149.5,0.000788436420792493,1.3106829037000005,MD,1.3106829037000005
O=C(O)CCNC(=O)CCNC(=O)[C@H](CC1CCCCC1)NC(=O)[C@H](CCCc1ccc(Cl)cc1)CC(=O)NO,300.0,,35.0,799.5,0.0007217839768482471,2.1906481065324996,MD,2.1906481065324996
CCCCCCCCCCCCCCCCCC(=O)O,300.0,,35.0,1449.5,0.009229680779077109,1.427194974595001,MD,1.427194974595001
ClCC1CO1,300.0,,35.0,1949.5,1.464237969365142,1.5114753080799996,MD,1.5114753080799996
CC(CO)c1ccccc1,300.0,,35.0,1949.5,0.09975653022302691,2.0975704526650008,MD,2.0975704526650008
CC(C)C[C@H](NC(=O)c1ccn(C)n1)C(=O)N[C@@H](Cc1ccccc1)C(=O)N[C@@H](CC(C)C)C(=O)[C@@]1(C)CO1,300.0,,35.0,974.5,0.0028607719007433573,1.2160868294625005,MD,1.2160868294625005
COc1ccccc1,300.0,,35.0,1949.5,0.836249997470511,1.7837410613550002,MD,1.7837410613550002
CCCCS(=O)(=O)N[C@@H](Cc1c[nH]c2ccc(OCCCCN3CCNCC3)cc12)C(=O)O,300.0,,35.0,1124.5,0.0018062844245082825,1.3979452714800005,MD,1.3979452714800005
CCCCOC(=O)c1cccnc1,300.0,,35.0,1849.5,0.0740591168870332,2.2098767778750017,MD,2.2098767778750017
CC(C)(C)CCNC(=O)[C@H](CCCCN)NC(=O)[C@H](CO)NC(=O)CCCCCCCCCCN,300.0,,35.0,649.5,0.001262377295497682,0.8333446782899998,MD,0.8333446782899998
C1=C2CCCC3CC1CCC23,300.0,,35.0,1674.5,0.01519499299302631,1.5834014566575008,MD,1.5834014566575008
C[C@]12CC[C@H](O)CC1=CC[C@@H]1C2CC[C@]2(C)Nc3c(cnn3-c3ccc(F)cc3)CC12,300.0,,35.0,924.5,0.002962971719384745,0.8404315528724996,MD,0.8404315528724996
COc1ccccc1CNC(=O)C[C@H]1CCCN(c2cnn(C)c(=O)c2)C1,300.0,,35.0,799.5,0.0012815047711163274,1.9526706242500007,MD,1.9526706242500007
CCCCC1=C2CCC[C@]2(C)CC[C@H]1CCC(=O)O,300.0,,35.0,199.5,0.001798469480224743,0.7418628863525002,MD,0.7418628863525002
CCCCCCCCCCCCNCC(N)CCCCN,300.0,,35.0,949.5,0.002561906913142464,0.6785041707099996,MD,0.6785041707099996
c1nc(CN2CCCNCCNCCCNCC2)cnc1CN1CCCNCCNCCCNCC1,300.0,,35.0,574.5,0.0007315914949296181,1.3948476148074993,MD,1.3948476148074993
Oc1ccccc1Cl,300.0,,35.0,1949.5,0.4204528879752968,1.8152220685749996,MD,1.8152220685749996
CN(C)CCCNCCCCNC(=O)/C=N\O,300.0,,35.0,1299.5,0.0012329264882305025,0.9754304108624997,MD,0.9754304108624997
CCCCCN(CCc1ccc(Cl)c(Cl)c1)C[C@H](O)COc1ccc(NS(C)(=O)=O)cc1,300.0,,35.0,724.5,0.0010987692737448869,1.04015425593,MD,1.04015425593
Fc1ccc2cc[nH]c2c1,300.0,,35.0,624.5,0.0057528877508029605,1.3642603847975012,MD,1.3642603847975012
COc1cccc(S(=O)(=O)N(C)C[C@@H]2Oc3cc(C#CCN(C)C)ccc3S(=O)(=O)N([C@H](C)CO)C[C@@H]2C)c1,300.0,,35.0,774.5,0.0008673916107854445,1.0118269717000004,MD,1.0118269717000004
COC(=O)[C@H](CCCCN)NC(=O)c1ccc(NC(=O)[C@@H](N)CCCNC(=N)N)c(N)c1,300.0,,35.0,1599.5,0.0006663249248097326,0.8627153018074998,MD,0.8627153018074998
CCCCCCCCCCCCCC(=O)NC(CCCN)C(=O)NC(CCCN)C(=O)NC(CCCN)C(N)=O,300.0,,35.0,1224.5,0.0018483882631358532,1.2938138440075004,MD,1.2938138440075004
O=C/C=C/c1ccccc1,300.0,,35.0,1324.5,0.09574887862447753,2.2722288297924997,MD,2.2722288297924997
Cc1cc(N)ccc1N,300.0,,35.0,1924.5,0.004939157796619439,1.8141765920049988,MD,1.8141765920049988
CC1CCC(=O)O1,300.0,,35.0,1949.5,0.4364279575573651,1.4645819528525004,MD,1.4645819528525004
C[C@@H]1C[C@H]2[C@@H]3C[C@H](F)C4=CC(=O)C=C[C@]4(C)[C@@]3(F)[C@@H](O)C[C@]2(C)[C@@]1(O)C(=O)CSc1nc2ccccc2s1,300.0,,35.0,324.5,0.0005147046730906401,1.7643965695624997,MD,1.7643965695624997
CCCCCCCCCCCCCCCCS(=O)(=O)NCCCNCCCNCCCCNCCCN,300.0,,35.0,1549.5,0.001905841198419153,1.1361857152799992,MD,1.1361857152799992
CCCCCCCC(=O)NCCCC[C@H](N)C(=O)NCCCNCCCCNCCCN,300.0,,35.0,1099.5,0.0015902550590535728,1.6351740762724987,MD,1.6351740762724987
CCCCCCCCCCCCCNCC(=O)N(CCCCN)CC(=O)N(CC(N)=O)Cc1ncc[nH]1,300.0,,35.0,824.5,0.00210284566845038,1.3228502744900006,MD,1.3228502744900006
CCc1ccc2c(c1)C=Cc1ccccc1N2C(N)=O,300.0,,35.0,1099.5,0.0025752128735018302,1.1245870358225003,MD,1.1245870358225003
C[C@]12CCC(F)(F)C[C@@H]1CC[C@@H]1[C@@H]2CC[C@]2(C)[C@@H](O)CC[C@@H]12,300.0,,35.0,199.5,0.002193867078727133,1.4229340634375003,MD,1.4229340634375003
COc1nc(NC2OC(COC(C)=O)C(OC(C)=O)C(OC(C)=O)C2OC(C)=O)c(/N=C(\C)C(C)=O)c(=O)n1C,300.0,,35.0,174.5,0.0009557740295576498,1.8219831188724998,MD,1.8219831188724998
CN1CC[C@]23c4c5ccc(O[C@@H]6O[C@H](C(=O)O)[C@@H](O)[C@H](O)[C@H]6O)c4O[C@H]2[C@@H](O)C=C[C@H]3[C@H]1C5,300.0,,35.0,949.5,0.0008416501215877659,1.4588782502450002,MD,1.4588782502450002
O=C1C=CC2(C=C1)OCC(c1cccc(-c3ccc(F)cc3)c1)O2,300.0,,35.0,1049.5,0.001802392483768008,1.1408651475174998,MD,1.1408651475174998
c1ccsc1,300.0,,35.0,1949.5,2.0527649491441005,1.8055310507900009,MD,1.8055310507900009
CCCCCCCCCCCCOCCOCCOCCOCCO,300.0,,35.0,1849.5,0.022053702174661575,1.0217037952524999,MD,1.0217037952524999
C[C@H]1O[C@@H](O[C@H]2[C@@H](O)C[C@H](O[C@H]3[C@@H](O)C[C@H](O[C@H]4CC[C@@]5(C)[C@H](CC[C@@H]6[C@@H]5CC[C@]5(C)[C@@H](C7=CC(=O)OC7)CC[C@]65O)C4)O[C@@H]3C)O[C@@H]2C)C[C@H](O)[C@@H]1O,300.0,,35.0,1099.5,0.0006539835220672763,1.9117855614475008,MD,1.9117855614475008
CCOCCOCCO,300.0,,35.0,1949.5,0.37906352072866234,1.2882574991950007,MD,1.2882574991950007
CCOc1ccccc1N(C)C(=O)CCOC,300.0,,35.0,1699.5,0.0076395113595567245,1.381090507215,MD,1.381090507215
OCCCNCC(O)c1ccc(O)c(O)c1,300.0,,35.0,1674.5,0.001222282298571294,1.5817724642350006,MD,1.5817724642350006
Nc1ccc(O)cc1,300.0,,35.0,1924.5,0.003976085158661323,2.1955685773950013,MD,2.1955685773950013
CCCOC(=O)c1ccc(N)cc1,300.0,,35.0,1824.5,0.003718355310189567,1.4333905557175006,MD,1.4333905557175006
C=CCCCCCCCCCCCC,300.0,,35.0,1924.5,0.18998992733436235,1.37347300838,MD,1.37347300838
COc1ccc2cc([C@H](C)C(=O)O)ccc2c1,300.0,,35.0,924.5,0.0010703680618987185,1.579921196050001,MD,1.579921196050001
c1ccc(-c2ccccc2-c2ccccc2)cc1,300.0,,35.0,824.5,0.002042810008504017,1.3588277595899998,MD,1.3588277595899998
CC(=O)O[C@@H]1c2c(c3c(=O)c4cccc(O)c4c(=O)c=3c2=[N+]=[N-])[C@H](O)[C@@H](OC(C)=O)[C@]1(C)O,300.0,,35.0,824.5,0.0011546998389184084,1.3009461652150003,MD,1.3009461652150003
Cc1cc(=O)oc2c3c(ccc12)OC(C)(C)[C@H](O)[C@@H]3OC(=O)C12CCC(C)(C(=O)O1)C2(C)C,300.0,,35.0,449.5,0.001157420738458211,1.1968181897650003,MD,1.1968181897650003
O=C(/C=C/C=C/c1ccccc1)c1ccccc1,300.0,,35.0,1849.5,0.006138919534320713,2.1829015886075,MD,2.1829015886075
CCCCCC(O)/C=C/CC(CCCCCCC(=O)O)C(C)=O,300.0,,35.0,624.5,0.006454056481248005,1.2992448334875006,MD,1.2992448334875006
CCCCCC/C=C\CCCCC1=CC(=O)C=C(OC)C1=O,300.0,,35.0,1524.5,0.018176168309389947,1.747976652227499,MD,1.747976652227499
COc1cc2c(cc3c4c(cc5c(c42)OCO5)C(=O)N3CCC=O)c(OC)c1OC(C)C,300.0,,35.0,1199.5,0.0005965728568553514,1.0947395580550008,MD,1.0947395580550008
O=[N+]([O-])c1ccc(NC2CCCCCCC2)nc1,300.0,,35.0,1374.5,0.0036046656082635957,1.3056252055849997,MD,1.3056252055849997
CCC(CO)(CO)[N+](=O)[O-],300.0,,35.0,1399.5,0.0098690002509046,1.6883345372500005,MD,1.6883345372500005
NCCCCNCCCCNCCCCN1C(=O)c2cccc3c(Cl)ccc(c23)C1=O,300.0,,35.0,1449.5,0.001542073582577197,0.7026931280874994,MD,0.7026931280874994
C1COCO1,300.0,,35.0,1949.5,1.3009659462634742,2.0425254917825,MD,2.0425254917825
CCCCCCCCC=CCCCCCCCCO,300.0,,35.0,1524.5,0.026102494536898533,1.3335269880299998,MD,1.3335269880299998
NC(=O)Cc1ccc(O)cc1,300.0,,35.0,674.5,0.0010358278564623245,1.3759809933650007,MD,1.3759809933650007
NCCCNCCCCNCCCNC(=O)CCCCC(=O)NCCCNCCCCNCCCN,300.0,,35.0,1424.5,0.0009219987379760433,1.3455999076275003,MD,1.3455999076275003
CC(C)C[C@H](NC(=O)OCc1ccccc1)C(=O)NCCNc1ccc(OCC2CCCC2)cc1,300.0,,35.0,1724.5,0.0019789997643105185,0.9814826734400003,MD,0.9814826734400003
C[C@@H]1C(=O)O[C@H]2[C@@H]1O[C@]13O[C@@]4(CC[C@]5(C)C(=O)[C@](C)(O)[C@@]2(O)[C@H]15)C[C@]12OC(=O)C[C@H]1OC(C)(C)[C@@H]2[C@@H](O)C[C@H]4C3=O,300.0,,35.0,1199.5,0.0007641231440850501,2.0012172475299996,MD,2.0012172475299996
NCC(CC(=O)O)c1ccc(Cl)cc1,300.0,,35.0,1924.5,0.003130374662558048,1.5951179840899998,MD,1.5951179840899998
CC(C)(C)C(=O)O,300.0,,35.0,1724.5,0.037950794738933404,1.3408296323949997,MD,1.3408296323949997
CCC1(CC)C(=O)NC(=O)NC1=O,300.0,,35.0,624.5,0.0008088332855864356,1.9195754739025,MD,1.9195754739025
C[C@@H]1C(=O)O[C@H]2[C@H](O)[C@@]34C5OC(=O)[C@@]3(OC3OC(=O)[C@H](O)C34[C@H](C(C)(C)C)[C@H]5OS(=O)(=O)C(F)(F)F)[C@@]12O,300.0,,35.0,549.5,0.0011228016905322827,1.6017118858699997,MD,1.6017118858699997
CC(=O)CCC=C(C)CCC=C(C)C,300.0,,35.0,1949.5,0.18544578772004772,1.228561402355,MD,1.228561402355
CC(=O)S[C@@H]1/C=C/CC(=O)Cc2c(Cl)c(O)cc(O)c2C(=O)O[C@H](C)C[C@H]2O[C@@H]21,300.0,,35.0,749.5,0.0007653350898700154,1.2188633316725006,MD,1.2188633316725006
CCCCCCCC(CC)SCC(=O)C(F)(F)F,300.0,,35.0,1549.5,0.04210329825209521,1.2739572332075,MD,1.2739572332075
C/C(Cl)=C/Cl,300.0,,35.0,1949.5,2.5964344165157147,2.3001177942225,MD,2.3001177942225
COP(OC)OC,300.0,,35.0,1949.5,1.492781119393582,1.7816563863375001,MD,1.7816563863375001
O=C1CCC(N2Cc3c(OCc4ccc(CN5CCN(c6ccc(F)cn6)CC5)cc4)cccc3C2=O)C(=O)N1,300.0,,35.0,749.5,0.002820736516340295,1.1430074341949998,MD,1.1430074341949998
Nc1ccccc1N,300.0,,35.0,924.5,0.00436619003424745,1.5261706053674993,MD,1.5261706053674993
N#CC(Cl)Cl,300.0,,35.0,1949.5,1.43918636990819,1.2715272737300003,MD,1.2715272737300003
O=C(O)C(F)(F)F,300.0,,35.0,1949.5,0.6930635588611044,1.3983359201725003,MD,1.3983359201725003
CCCCNC(=O)OCCCCCCCCCCCCOC(=O)NCCCC,300.0,,35.0,949.5,0.002754362287577932,1.9350403332075006,MD,1.9350403332075006
COc1ccc(CCC(=O)Nc2ccc3nc(N4CCN(C)CC4)cc(C)c3c2)cc1,300.0,,35.0,699.5,0.0013471680711426028,1.7385474735525015,MD,1.7385474735525015
CC[C@@H](CO)Nc1nc(Nc2ccccc2)nc(Nc2ccc(F)cc2)n1,300.0,,35.0,274.5,0.0006824447484247273,1.7090448430025,MD,1.7090448430025
CCCCCc1ccco1,300.0,,35.0,1949.5,0.7488639254256496,1.1392951799950006,MD,1.1392951799950006
CCCCCCCCCCCCCCCCC(=O)NCCCCC(N)C(=O)NCCCNCCCCNCCCN,300.0,,35.0,674.5,0.0012675570238073045,1.7956765563700017,MD,1.7956765563700017
OCCOCCOCCOCCOCCOCCO,300.0,,35.0,1224.5,0.02003712014034317,0.9350966399225001,MD,0.9350966399225001
CCCC(CC)CCCCCCCN,300.0,,35.0,1899.5,0.025139125145868843,0.8233836554599999,MD,0.8233836554599999
Cn1sccc1=O,300.0,,35.0,1949.5,0.23252021728879574,2.2024623126275014,MD,2.2024623126275014
CC1=CC(=O)C(C(C)C)=CC1=O,300.0,,35.0,1499.5,0.01573174620231841,1.1313799074974995,MD,1.1313799074974995
CC(=O)[C@@]1(O)CC[C@H]2[C@@H]3CCC4=CC(=O)CC[C@]4(C)[C@H]3CC[C@@]21C,300.0,,35.0,924.5,0.001206824120344226,1.0640916222150003,MD,1.0640916222150003
C=CCc1ccccc1OCC(O)CNCCOCCOCCOCCOCCN,300.0,,35.0,1099.5,0.003299678741051201,1.479819596685,MD,1.479819596685
CCC(=O)N(c1ccccc1)C1(COC)CCN(CCc2cccs2)CC1,300.0,,35.0,1024.5,0.0012293891551540823,1.0137735760825004,MD,1.0137735760825004
CCCCCNC(=O)NCCCC/C=C\CCCCCSc1ncn[nH]1,300.0,,35.0,899.5,0.00395583697775967,2.176490916915001,MD,2.176490916915001
C[C@]12CCC(=O)C=C1CC[C@@H]1[C@@H]2[C@@H](O)C[C@@]2(C)[C@H]1CC[C@]2(O)C(=O)COC(=O)CCCCCO,300.0,,35.0,899.5,0.00068866960383201,1.1649165350999997,MD,1.1649165350999997
CC(=O)N(C)C,300.0,,35.0,1949.5,0.796831043947133,1.1502841314725003,MD,1.1502841314725003
C=CC(=O)O,300.0,,35.0,1949.5,0.3380211241576216,1.3936683436074997,MD,1.3936683436074997
Nc1ccc(-c2ccccc2Cl)cc1,300.0,,35.0,1274.5,0.0008552102219750056,1.6360416075475004,MD,1.6360416075475004
CCC(C)=O,300.0,,35.0,1949.5,2.155920803735646,1.3779719757375006,MD,1.3779719757375006
CCCCCCCCCCCCCCCCCCCCCCCCCCCCCCCC,300.0,,35.0,874.5,0.013961285749926855,1.0974822693075001,MD,1.0974822693075001
NCCCNOCCCN,300.0,,35.0,1474.5,0.003863875955388743,1.1795334998425,MD,1.1795334998425
CC(C)=CCC/C(C)=C\CCC(C)=CCNCCNCCNCCNCCN,300.0,,35.0,1674.5,0.002458186820655446,1.2765831991025,MD,1.2765831991025
CNCCCCCNCCCCNC,300.0,,35.0,1899.5,0.007055084322425552,1.1701338002124997,MD,1.1701338002124997
CC1(C)O[C@@H]2C[C@H]3[C@@H]4CCC5=CC(=O)C=C[C@]5(C)[C@@]4(F)[C@@H](O)C[C@]3(C)[C@]2(C(=O)CO)O1,300.0,,35.0,924.5,0.0027290156054404183,1.0322266466199999,MD,1.0322266466199999
CCC(c1ccc(Cl)cc1)N1CCC(n2c(=O)[nH]c3ccccc32)CC1,300.0,,35.0,1874.5,0.00403737538403287,0.9816633392625004,MD,0.9816633392625004
C=CCCCCCC(O)/C=C/C#CC#C[C@@H](O)C=C,300.0,,35.0,1924.5,0.010230875223176054,1.298676120802499,MD,1.298676120802499
O=C(O)CN(CCN(CC(=O)O)CC(=O)O)CCN(CC(=O)O)C(Cc1ccc(N=C=S)cc1)C(=O)O,300.0,,35.0,1649.5,0.0008794442498216776,1.0837360377025005,MD,1.0837360377025005
O=CO,300.0,,35.0,1949.5,1.648464247533369,1.4990754510250006,MD,1.4990754510250006
CCCCCCCCN=c1ccn(CCCCCC)cc1,300.0,,35.0,1174.5,0.007683071496570644,1.4138475309125014,MD,1.4138475309125014
O=C(O)CCCCCCc1ccccc1,300.0,,35.0,1724.5,0.008203357980634145,0.9516349930424998,MD,0.9516349930424998
O=C1CO[C@H](CO)[C@@H](O)C1,300.0,,35.0,1949.5,0.00311676683005156,1.4531952512725004,MD,1.4531952512725004
O=C(O)CCCCl,300.0,,35.0,1824.5,0.038937166868668285,2.2684247828625,MD,2.2684247828625
Cc1ccccc1Sc1ccc(C#N)c(C(F)(F)F)c1,300.0,,35.0,574.5,0.002436323780668717,0.7252718604974997,MD,0.7252718604974997
CN/C(=C\[N+](=O)[O-])NCCSCc1csc(CN(C)C)n1,300.0,,35.0,1949.5,0.004321147734046708,1.6516500045350002,MD,1.6516500045350002
NCCCCCNCCCCCN,300.0,,35.0,1349.5,0.004237879921544207,0.9438705301999994,MD,0.9438705301999994
O=S(=O)(c1ccc(OC2CCN(C3CCN(S(=O)(=O)Cc4ccccc4)CC3)CC2)cc1)c1ccc2c(c1)OCO2,300.0,,35.0,1424.5,0.0019434273515789502,1.1995575636825002,MD,1.1995575636825002
COc1ccc2c3c1O[C@H]1[C@@H](O)C=C[C@H]4[C@@H](C2)N(C)CC[C@@]341,300.0,,35.0,924.5,0.0007065901898127236,1.1457356901525002,MD,1.1457356901525002
O=C(O)Cc1ccc(O)cc1,300.0,,35.0,1774.5,0.0018653259111191683,0.9953100620849997,MD,0.9953100620849997
N[C@@H](CCSCCSCC[C@H](N)C(=O)O)C(=O)O,300.0,,35.0,1624.5,0.002232067226870342,1.1639076914800004,MD,1.1639076914800004
COC(=O)c1c(OC)cc2cc3c(c(O)c2c1C)C(=O)O[C@@H]3[C@@]1(O)[C@H](O)C(OC)=CC(=O)[C@@H]1O,300.0,,35.0,574.5,0.001169525767143905,1.0884683963900004,MD,1.0884683963900004
Cc1nc(-c2ccc(C)s2)c(-c2ccc(S(C)(=O)=O)cc2)o1,300.0,,35.0,1249.5,0.0019779017251539853,1.7642288684450014,MD,1.7642288684450014
NCCO,300.0,,35.0,1949.5,0.38457969998688285,1.2343912442399994,MD,1.2343912442399994
CCCCCN1C(=O)CCC(N2C(=O)c3ccccc3C2=O)C1=O,300.0,,35.0,1524.5,0.0016404127405158125,1.5479105210775002,MD,1.5479105210775002
c1ccc2cnccc2c1,300.0,,35.0,1949.5,0.11159342713645092,1.4514425909750002,MD,1.4514425909750002
C=CCNc1nc(N)c(C(=O)c2ccc(OC)cc2)s1,300.0,,35.0,1624.5,0.0019420581491705127,2.280162638840001,MD,2.280162638840001
CCC(CC)C(=O)Nc1cc(NC(=O)C(CC)CC)cc(C(=O)O)c1,300.0,,35.0,1824.5,0.0017645377968024457,1.1489119725699999,MD,1.1489119725699999
O=C(O)c1ccccc1,300.0,,35.0,1924.5,0.03802651062854822,1.8598015366074998,MD,1.8598015366074998
NCCCN(CCCN)Cc1ccc(CN(CCCN)CCCN)cc1,300.0,,35.0,899.5,0.0016156497505564825,1.119327665340001,MD,1.119327665340001
CCN(CC)CCCNC(=O)c1cc2c(ccc3ccccc32)o1,300.0,,35.0,1399.5,0.0029842922989859765,1.0314393717150003,MD,1.0314393717150003
O=S(=O)(Nc1ccc(CCNC[C@H](O)c2cccnc2)cc1)c1ccc(-c2cnc(CCC3CCCC3)o2)cc1,300.0,,35.0,1174.5,0.003413384812908876,1.3556415693650012,MD,1.3556415693650012
CC(C)=CCCC(C)=CCNCCNCCNCCNCCNCCN,300.0,,35.0,1374.5,0.002936538115882446,1.69193794706,MD,1.69193794706
CC(C)NCC(O)COc1ccc(CCOCC2CC2)cc1,300.0,,35.0,1899.5,0.005960489890268437,2.0278483614950007,MD,2.0278483614950007
O=Cc1ccccc1,300.0,,35.0,1949.5,0.40623362741858765,1.8481573863524992,MD,1.8481573863524992
CCCCCCCNc1c2c(nc3cc([N+](=O)[O-])ccc13)CCCC2,300.0,,35.0,949.5,0.0024765432697539023,0.9192046748275,MD,0.9192046748275
CCCCCc1cn[nH]c1,300.0,,35.0,1949.5,0.04681158670354402,1.3291148322150008,MD,1.3291148322150008
Cc1cccc(C)c1,300.0,,35.0,1949.5,1.181381533229444,1.2346367407850003,MD,1.2346367407850003
CSCC[C@H](NC=O)C(=O)N[C@@H](CC(C)C)C(=O)N[C@]1(C(=O)O)C[C@@H]1c1ccccc1,300.0,,35.0,399.5,0.0012967693248146011,1.2870832816749995,MD,1.2870832816749995
CCCCCCCCCCCCOCCOS(=O)(=O)O,300.0,,35.0,1374.5,0.0056114286890659,1.2668508131775014,MD,1.2668508131775014
CCCCCCCCCCCCCNCC(=O)N(CCCCN)CC(=O)N(CC(N)=O)Cc1ccccc1,300.0,,35.0,1799.5,0.002181684350184507,1.2933836305474997,MD,1.2933836305474997
COCCOC,300.0,,35.0,1949.5,1.818023031352949,2.3406598421824985,MD,2.3406598421824985
CN1C(=O)CCC(N2C(=O)c3ccccc3C2=O)C1=O,300.0,,35.0,699.5,0.0009048303340866844,1.1052426672174998,MD,1.1052426672174998
Cc1ccccc1N,300.0,,35.0,1949.5,0.06887615664816449,1.8463718792400012,MD,1.8463718792400012
C[C@H]1CCCC(=O)CCC/C=C/c2cc(O)cc(O)c2C(=O)O1,300.0,,35.0,1849.5,0.0006087587459419249,1.0364256037625,MD,1.0364256037625
CCOC(=O)c1ccc(O)cc1,300.0,,35.0,1949.5,0.004406126752995469,1.4042615412525006,MD,1.4042615412525006
C=CCO,300.0,,35.0,1949.5,2.7669964391363906,1.3634593515500009,MD,1.3634593515500009
CC1(C)[C@@H](O)[C@H](O)[C@H]2[C@](C)(O)[C@@H]3CC[C@]4(O)C[C@@]3(C[C@@H](O)[C@@]21O)C[C@@]4(C)O,300.0,,35.0,949.5,0.0006419251155840739,1.6887456343825002,MD,1.6887456343825002
CCCSP(=O)(OCC)SCCC,300.0,,35.0,1699.5,0.004259788133788833,1.4342142774000013,MD,1.4342142774000013
CCCCCCCCCCCCCCNCC(N)CCCCN,300.0,,35.0,949.5,0.003790004958786962,0.7122758730724992,MD,0.7122758730724992
CCCCNCc1ccc(C)cc1,300.0,,35.0,1949.5,0.09890303888735107,2.2334109114625,MD,2.2334109114625
CCCC[C@H](NC(=O)[C@H](CCCCNC(C)=S)NC(=O)[C@H](CCCCNC(C)=O)NC(C)=O)C(N)=O,300.0,,35.0,1299.5,0.0004754604849928563,1.7448082364950008,MD,1.7448082364950008
C=CCn1c(=O)c2c(nc3n2CCCN3Cc2ccccc2)n(C)c1=O,300.0,,35.0,724.5,0.003788538763630453,1.8980844543225015,MD,1.8980844543225015
CCCCCCCCNC(=O)CNC(=O)[C@@H](N)CCCCN,300.0,,35.0,1074.5,0.001950701350725867,0.8853129460149997,MD,0.8853129460149997
CC(C)NCC(O)COc1cccc2[nH]ccc12,300.0,,35.0,1549.5,0.0014440725968039362,1.5383971291375005,MD,1.5383971291375005
N#CC(Cl)(Cl)Cl,300.0,,35.0,1949.5,1.3696737639621501,0.9356465474,MD,0.9356465474
C[C@@H](CCc1ccccc1)NC(=O)NCCCC(N)=O,300.0,,35.0,1124.5,0.002354561862451884,1.4222384288150016,MD,1.4222384288150016
CC(C)NCC(O)COc1cccc2ccccc12,300.0,,35.0,1299.5,0.004704075181969157,1.4284942034974994,MD,1.4284942034974994
CN(C)CCC(c1ccc(Cl)cc1)c1ccccn1,300.0,,35.0,1349.5,0.0015712186596310237,1.2290535949500008,MD,1.2290535949500008
C[C@H]1C[C@H]2[C@@H]3CCC4=CC(=O)C=C[C@]4(C)[C@@]3(F)[C@@H](O)C[C@]2(C)[C@@]1(O)C(=O)CO,300.0,,35.0,524.5,0.0004317138046132736,0.95261143198,MD,0.95261143198
C=CCCCCCCCCOC(C)=O,300.0,,35.0,1949.5,0.13961311862687528,1.6000213062099997,MD,1.6000213062099997
CCOC(=O)/C=C/[C@H](CCC(N)=O)NC(=O)[C@H](CCC(=O)O)NC(=O)[C@H](CC(C)C)NC(=O)OCc1ccccc1,300.0,,35.0,1724.5,0.0011701006260051259,2.5030935733874986,MD,2.5030935733874986
Oc1c(Cl)cc(Cl)cc1Cl,300.0,,35.0,1949.5,0.11045453046147463,2.035594549712502,MD,2.035594549712502
CCCCCCCCCCCCCCCCCCCCC,300.0,,35.0,449.5,0.005954621648350602,0.9798472290625001,MD,0.9798472290625001
CCC(CC)C(c1ccc(C)o1)c1ccc(C)o1,300.0,,35.0,1574.5,0.005620378168173933,1.3215536506075005,MD,1.3215536506075005
COC(=O)Nc1nc2ccccc2[nH]1,300.0,,35.0,1799.5,0.004729031383208165,1.723530219215001,MD,1.723530219215001
C[C@@H](c1ccccc1)N1CC(CO)(CO)C1,300.0,,35.0,1949.5,0.003001958311161511,1.3223901904474997,MD,1.3223901904474997
C[Si](C)(C)O[Si](C)(C)O[Si](C)(C)C,300.0,,35.0,1674.5,0.037851468103779776,1.467943648587501,MD,1.467943648587501
CCCCCCNC[C@H]1C2CC(CO2)[C@@H]1C/C=C\CCCC(=O)O,300.0,,35.0,999.5,0.002481043750781948,0.7763761174699995,MD,0.7763761174699995
Oc1cccc(O)c1,300.0,,35.0,1624.5,0.0172131273560486,1.3128694836275003,MD,1.3128694836275003
CC(=O)Nc1ccc2c(c1)Cc1ccccc1-2,300.0,,35.0,849.5,0.0033031937207176993,1.889366853247501,MD,1.889366853247501
CCCNCCCCCNCCCCCNCCC,300.0,,35.0,1399.5,0.017516333656216406,1.3902278053025003,MD,1.3902278053025003
CC(O)[C@H](NC(=O)[C@H](Cc1ccc([N+](=O)[O-])cc1)NC(=O)CCCN=C(N)N)C(N)=O,300.0,,35.0,1149.5,0.002865713800139816,1.0498534174049994,MD,1.0498534174049994
NC(N)=NCCCCCCNC(=O)COC(=O)NCCCCNCCC(N)C(F)(F)F,300.0,,35.0,899.5,0.0012978172134862165,1.2794017713575,MD,1.2794017713575
CCCCI,300.0,,35.0,1949.5,0.8757653623457801,1.3065560612075,MD,1.3065560612075
C#C[C@]1(O)CC[C@H]2C3=CCc4cc(O)ccc4[C@H]3CC[C@@]21C,300.0,,35.0,649.5,0.001349692740419428,0.8740265686550005,MD,0.8740265686550005
COC12[C@@H]3N[C@@H]3CN1C1=C(C(=O)C(N3CCCC(O)C3)=C(C)C1=O)[C@@H]2COC(N)=O,300.0,,35.0,1124.5,0.0005283502774615596,1.0080727944499999,MD,1.0080727944499999
CCC(CO)c1ccccc1,300.0,,35.0,1724.5,0.08188836242445761,2.0285480895825008,MD,2.0285480895825008
CCCCOCCOCCOC(C)=O,300.0,,35.0,1299.5,0.10411811045394484,1.4154764427475006,MD,1.4154764427475006
CC/C=C\C/C=C\C/C=C\CCCCCCCC(=O)O,300.0,,35.0,1549.5,0.024192281925308416,1.367795446720001,MD,1.367795446720001
CCCCCCCCOCCCCOC[C@H]1O[C@H](O)[C@H](O)[C@@H](O)[C@H]1O,300.0,,35.0,399.5,0.001994691630444386,1.9436793923999998,MD,1.9436793923999998
CCCCCCCCCCCCCCC1(C(=O)OC)CO1,300.0,,35.0,1024.5,0.010420639271729015,1.1993450935074998,MD,1.1993450935074998
C#CCN(C)C(C)CCCCCCCCCC,300.0,,35.0,1724.5,0.02789993329471632,1.3919931738399987,MD,1.3919931738399987
NCCCNCCCCNC(=O)NCC(=O)NCCCCCCN=C(N)N,300.0,,35.0,1049.5,0.0009909957843321328,1.2646949356649997,MD,1.2646949356649997
C[C@]12CCC(=O)C=C1CC[C@@H]1[C@@H]2CC[C@@]2(C)[C@H]1CC[C@]2(O)C(=O)CO,300.0,,35.0,824.5,0.001840071507615588,1.4886226832749998,MD,1.4886226832749998
O=C(COc1ccc(Cl)cc1)NCCNCC(O)c1ccccc1,300.0,,35.0,1924.5,0.0016819201376387066,1.9651100164199997,MD,1.9651100164199997
CC(C)(C)c1ccccc1O,300.0,,35.0,1949.5,0.05491304702707805,1.2976271161600004,MD,1.2976271161600004
CCC(C)C(C)C=O,300.0,,35.0,1949.5,0.32613722466410705,1.8401704023099998,MD,1.8401704023099998
CCCCCCCCCCCCCC(=O)N(CCCNC(=O)[C@H](N)CCCCN)CCCNC(=O)[C@H](N)CCCCN,300.0,,35.0,399.5,0.00267493106078986,0.9288849700974998,MD,0.9288849700974998
CN(CCOc1cc2c(cc1F)CC(N1CC(C)(O)C1)C2Cc1ccccc1)S(=O)(=O)c1cn(C)cn1,300.0,,35.0,499.5,0.0010819782182262831,0.9074410613024999,MD,0.9074410613024999
CCCCCCCCCCCCCCCCCC(=O)NCC(COP(=O)([O-])OCC[N+](C)(C)CCCO)OC,300.0,,35.0,1849.5,0.0034510706329699127,1.6517760650000006,MD,1.6517760650000006
CCCCOCCOCCO,300.0,,35.0,1949.5,0.20432941528525844,1.4596375682150002,MD,1.4596375682150002
CCCCC(CC)COC(=O)c1ccccc1C(=O)OCC(CC)CCCC,300.0,,35.0,1424.5,0.0036076029975952656,0.9800702017175001,MD,0.9800702017175001
CCNc1nc(Cl)nc(NCC)n1,300.0,,35.0,1274.5,0.002175001002299201,2.2040514928050006,MD,2.2040514928050006
COC(=O)c1ccc(O)cc1,300.0,,35.0,1274.5,0.0020749014290959078,1.6709635109300016,MD,1.6709635109300016
COCCNC(=O)CCCn1c(=O)c2cc(OC)c(OC)cc2n(CC(=O)NCCC2=CCCCC2)c1=O,300.0,,35.0,1074.5,0.0016448931767911866,2.0080513639949995,MD,2.0080513639949995
N=C(N)NCCCC[C@H](O)CC(=O)N[C@@H](O)CNCCCCNCCCN,300.0,,35.0,1824.5,0.0015633702567246126,0.7934375273525004,MD,0.7934375273525004
C=CC(=O)OCC,300.0,,35.0,1949.5,0.874817675435569,1.9684540128249999,MD,1.9684540128249999
CCCCC(CC)COC(=O)c1c(Br)c(Br)c(Br)c(Br)c1C(=O)OCC(CC)CCCC,300.0,,35.0,1274.5,0.0025433002408077297,0.9842560050199997,MD,0.9842560050199997
CCCCC[C@H](CN(O)C=O)C(=O)NCNC(=O)c1ccc(-c2cc(OC)cc(C(=O)O)c2)o1,300.0,,35.0,399.5,0.0008773957595578584,1.7081379516675006,MD,1.7081379516675006
COc1ccc(-c2ccn(CC[C@](C)(C(=O)NO)S(C)(=O)=O)c(=O)c2)cn1,300.0,,35.0,1874.5,0.0009832064595034734,1.5243949736525013,MD,1.5243949736525013
COC(=O)/C=C/C(=O)OC,300.0,,35.0,1924.5,0.03351389906906202,1.4867665808150008,MD,1.4867665808150008
c1ccc(OCC2CO2)cc1,300.0,,35.0,1749.5,0.034797318538424424,1.6091705677350012,MD,1.6091705677350012
CC[C@@H](CO)NCCNC(C)(C)CO,300.0,,35.0,824.5,0.003377897523426233,1.2700725018675014,MD,1.2700725018675014
NC(CCNO)C(=O)O,300.0,,35.0,1749.5,0.002275022833619778,0.9461324727075002,MD,0.9461324727075002
CCCCN(CC)CCCCC(=O)N(O)CCC(=O)O,300.0,,35.0,1649.5,0.0023193916909366803,1.0648324909825007,MD,1.0648324909825007
CC[C@H](C)[C@@H](C(=O)NCCCCCCCCCCC(=O)N1CCNCC1)n1cc(CCCCN=C(N)N)nn1,300.0,,35.0,1024.5,0.00109647501944607,1.6736500519400002,MD,1.6736500519400002
CNCCCCNCCCCNCc1ccc(CNCCCCNCCCCNC)cc1,300.0,,35.0,1574.5,0.0024837112219275063,2.0675647121025005,MD,2.0675647121025005
CCCOc1cc(CN2CCC(Nc3nc4ccccc4o3)CC2)ccc1OC,300.0,,35.0,1549.5,0.0022558907914622672,1.479707701395,MD,1.479707701395
COCCOCCOCCOC,300.0,,35.0,1949.5,0.17699693871072075,1.1817695731725,MD,1.1817695731725
CCCOCCO,300.0,,35.0,1949.5,0.964869945818889,1.1433877148974998,MD,1.1433877148974998
CCCCCCCCCCCNC(=O)[C@H](N)CCC(=O)NC(CCCC(N)C(=O)O)C(=O)O,300.0,,35.0,1249.5,0.003019508263998728,1.1071891204625,MD,1.1071891204625
CCC1(C2=CCCCC2)C(=O)NC(=O)NC1=O,300.0,,35.0,1674.5,0.0006930401222854528,1.72998765001,MD,1.72998765001
CCCC(=O)N[C@@H](Cc1ccc(O)cc1)C(=O)NCCCCCCNCCCCCCCCNCCCCCCN,300.0,,35.0,1024.5,0.001970374714711648,1.7757407106775005,MD,1.7757407106775005
CCOC(=O)/C=C\C(=O)OCC,300.0,,35.0,1949.5,0.008879372865004976,2.0014864837224993,MD,2.0014864837224993
C[C@]12CC[C@@H]3c4ccc(O)cc4CC[C@H]3[C@@H]1CC[C@@H]2O,300.0,,35.0,899.5,0.0016912307596317073,1.35494466423,MD,1.35494466423
CN1C2CCC1/C(=C\c1ccccc1F)C(=O)/C2=C/c1ccccc1F,300.0,,35.0,1249.5,0.0018066065543905158,0.9250962843649998,MD,0.9250962843649998
CC(=O)c1ccc(Cl)cc1Cl,300.0,,35.0,1949.5,0.11554398640820802,1.9975787458800012,MD,1.9975787458800012
CCc1ccccc1,300.0,,35.0,1949.5,1.3378299358843269,1.6310597491675,MD,1.6310597491675
CCCNCCCNCCCCCCCNCCCNCCC,300.0,,35.0,1524.5,0.0050061645582175395,1.6118295957950002,MD,1.6118295957950002
CN(C)[C@@H]1CCN(C(=O)c2cccn2C)[C@H]1Cc1cnn(C)c1,300.0,,35.0,1274.5,0.000840861609727925,1.2565062389200004,MD,1.2565062389200004
CN(C)CCCNCCCNC(=O)/C(=N\O)c1ccccn1,300.0,,35.0,924.5,0.0022530733510685457,1.0052736230425001,MD,1.0052736230425001
CCOC(=O)CN1C(=O)CC[C@H](NC(=O)[C@H](C)N)C1=O,300.0,,35.0,949.5,0.0015284433452247008,1.412288752317501,MD,1.412288752317501
NCc1cc2ccccc2s1,300.0,,35.0,1274.5,0.017669853674995316,1.5252477727824998,MD,1.5252477727824998
O=[N+]([O-])OCC(CO[N+](=O)[O-])O[N+](=O)[O-],300.0,,35.0,1574.5,0.03916674968601247,2.2446553082725,MD,2.2446553082725
CC(C)CCCCCCN,300.0,,35.0,1599.5,0.13697361539668387,1.2204455900050004,MD,1.2204455900050004
N[C@@H](CS)C(=O)N[C@@H](Cc1c[nH]c2ccccc12)C(=O)N[C@@H](Cc1c[nH]c2ccccc12)C(=O)OCc1ccccc1,300.0,,35.0,1424.5,0.0006309938773431597,1.0859088057175004,MD,1.0859088057175004
CN1CCC23c4c5ccc(O)c4OC2C(=O)CCC3C1C5,300.0,,35.0,1149.5,0.0018200250713408788,1.6217974515150002,MD,1.6217974515150002
CCOCCO,300.0,,35.0,1949.5,1.3622297899531284,1.6627064137024996,MD,1.6627064137024996
COC(=O)CN(Cc1cn([C@@H]2O[C@H](COC(C)=O)[C@@H](OC(C)=O)[C@H]2OC(C)=O)nn1)S(C)(=O)=O,300.0,,35.0,1224.5,0.0014972117057444922,1.5498344714900008,MD,1.5498344714900008
CCCCCCCC(=O)NCCOc1ccc(CC2SC(=O)NC2=O)cc1,300.0,,35.0,1024.5,0.0011406840402299518,1.7592939380625001,MD,1.7592939380625001
NCCCNCCN(CCNCCCN)CCNCCCN,300.0,,35.0,1274.5,0.002264941563072773,1.171230678215,MD,1.171230678215
C1CCCCCCCCCCCCCCC1,300.0,,35.0,1049.5,0.009892565496858154,1.8519919426624998,MD,1.8519919426624998
COc1ccc2c(c1)c(CC(=O)O)c(C)n2C(=O)c1ccc(Cl)cc1,300.0,,35.0,999.5,0.0015114123563373634,1.6024369159424998,MD,1.6024369159424998
OCCOc1ccccc1,300.0,,35.0,1949.5,0.08833506875273868,1.87754571969,MD,1.87754571969
