MD_ID,box,Dmd_m2_s,window_ps,can_SMILES,T_K,Dmd×10-9/m2·s-1,Dpred×10-9/m2·s-1
6,35,5.0167012133068565e-11,1899.5,CCCCCCN1CCCC1=O,300,0.0501670121330685,1.6809506559211735
32,35,3.4543268241022647e-10,1949.5,CCOCCOC(C)=O,300,0.3454326824102264,1.9149021842749696
41,35,4.0855061874801807e-10,1949.5,COCCOC(C)=O,300,0.4085506187480182,1.6526449314263494
45,35,8.833506875273869e-11,1949.5,OCCOc1ccccc1,300,0.0883350687527386,1.1750931332625993
48,35,5.7852395357647357e-11,1349.5,CCCC(CO)c1ccccc1,300,0.0578523953576473,1.0606498289764736
52,35,2.3434966126368005e-11,1949.5,Oc1ccccc1-c1ccccc1,300,0.023434966126368,2.1100209030908896
54,35,6.887615664816449e-11,1949.5,Cc1ccccc1N,300,0.0688761566481644,1.1996646035571366
55,35,1.7581822652073792e-10,1949.5,CC(O)C(C)O,300,0.1758182265207379,2.2172338354688947
88,35,3.1682443662074937e-10,1949.5,CC(C)CC(C)O,300,0.3168244366207494,1.360426714500168
117,35,4.121430255937784e-09,1949.5,C=CC=O,300,4.121430255937784,2.1398582756812474
119,35,3.583088282426333e-09,1949.5,C=CC#N,300,3.583088282426333,1.4302068615848136
123,35,2.7669964391363907e-09,1949.5,C=CCO,300,2.7669964391363906,0.989393967274293
141,35,1.4925600960556197e-11,1499.5,O=C(c1ccccc1)c1ccccc1,300,0.0149256009605561,2.097932560043379
174,35,2.8867129011493093e-11,1524.5,OC(O)C(Cl)(Cl)Cl,300,0.028867129011493,1.2559943660251514
176,35,1.8331611314514286e-09,1949.5,N#CCCl,300,1.833161131451429,0.8190733795252373
208,35,2.9607001858274075e-09,1949.5,CCOCC,300,2.960700185827408,1.5825321809842945
213,35,1.0411811045394484e-10,1299.5,CCCCOCCOCCOC(C)=O,300,0.1041181104539448,1.736589649409946
214,35,6.539835220672763e-13,1099.5,C[C@H]1O[C@@H](O[C@H]2[C@@H](O)C[C@H](O[C@H]3[C@@H](O)C[C@H](O[C@H]4CC[C@@]5(C)[C@H](CC[C@@H]6[C@@H]5CC[C@]5(C)[C@@H](C7=CC(=O)OC7)CC[C@]65O)C4)O[C@@H]3C)O[C@@H]2C)C[C@H](O)[C@@H]1O,300,0.0006539835220672,1.9848850727495153
256,35,1.8341201223490943e-10,1949.5,CC(C)=CCC/C(C)=C/CO,300,0.1834120122349095,1.3323883924526936
262,35,3.3935485924663007e-10,1949.5,ClC(Cl)=C(Cl)C(Cl)=C(Cl)Cl,300,0.33935485924663,1.984960621996616
305,35,2.4192281925308416e-11,1549.5,CC/C=C\C/C=C\C/C=C\CCCCCCCC(=O)O,300,0.0241922819253084,1.1636655531483382
323,35,3.0138367266490307e-12,1324.5,Clc1ccc(COC(Cn2ccnc2)c2ccc(Cl)cc2Cl)c(Cl)c1,300,0.003013836726649,1.2146432428968836
346,35,1.7530455452554236e-10,1949.5,c1ccc2ccccc2c1,300,0.1753045545255423,2.3211781490218595
393,35,3.6227473983620895e-09,1949.5,CC1CO1,300,3.6227473983620895,1.60910386304183
414,35,1.7589506830817257e-12,1049.5,CN(C/C=C/C#CC(C)(C)C)Cc1cccc2ccccc12,300,0.0017589506830817,1.071749629214543
428,35,9.574887862447754e-11,1324.5,O=C/C=C/c1ccccc1,300,0.0957488786244775,1.263703666026972
434,35,9.394445228141768e-12,1599.5,Oc1cc(Cl)ccc1Oc1ccc(Cl)cc1Cl,300,0.0093944452281417,1.260335273768824
441,35,7.088371265124812e-09,1949.5,[3H]O[3H],300,7.088371265124813,3.3217276210758433
458,35,2.5233382154156068e-11,1549.5,CCCCCCCCCCCCCCCCCC,300,0.025233382154156,1.9423064251434463
461,35,5.954621648350602e-12,449.5,CCCCCCCCCCCCCCCCCCCCC,300,0.0059546216483506,1.8389690756506647
462,35,1.1863094728680755e-11,549.5,CCCCCCCCCCCCCCCCCCCCCCC,300,0.0118630947286807,2.4169781103368653
466,35,1.3961285749926856e-11,874.5,CCCCCCCCCCCCCCCCCCCCCCCCCCCCCCCC,300,0.0139612857499268,2.121948269201614
485,35,3.439446977227116e-09,1949.5,C=CCCCC,300,3.439446977227117,1.2353501766920358
505,35,2.0428100085040167e-12,824.5,c1ccc(-c2ccccc2-c2ccccc2)cc1,300,0.002042810008504,2.3677303488994745
509,35,1.7699693871072075e-10,1949.5,COCCOCCOCCOC,300,0.1769969387107207,2.147307071381783
510,35,1.027486377322494e-10,1924.5,COCCOCCOCCOCCOC,300,0.1027486377322494,1.8897376847346785
518,35,2.2144208118802404e-12,1474.5,C1COCCOCCOCCOCCOCCO1,300,0.0022144208118802,1.0208971001871208
531,35,1.0853523920237107e-10,1774.5,CCCCCCCCCCOC(C)=O,300,0.108535239202371,1.4864993691811024
552,35,2.659479062664743e-10,1949.5,C1CCNCC1,300,0.2659479062664743,1.3957048090655804
555,35,2.1855210267171475e-10,1949.5,CNC(C)=O,300,0.2185521026717147,2.0734453866423257
556,35,4.158256979882311e-09,1949.5,C[N+](=O)[O-],300,4.158256979882311,2.904820391869809
558,35,2.0206358594512576e-10,1949.5,CC(C)([N+](=O)[O-])[N+](=O)[O-],300,0.2020635859451257,1.4390423724711972
602,35,8.90966032082034e-11,1949.5,BrCCCCCCCCCCBr,300,0.0890966032082034,1.4851489399150757
603,35,5.132180042820077e-11,1899.5,BrCCCCCCCCCCCCBr,300,0.0513218004282007,1.68763343387016
622,35,1.532522391942916e-10,1949.5,OCCCO,300,0.1532522391942916,2.012157127638164
777,35,2.786869318315767e-12,1949.5,CC(=O)O[C@@H]1CC[C@@]2(C)[C@@H](C[C@H](O)[C@]3(C)[C@@H]2C(=O)C=C2[C@@H]4[C@@H](C)[C@H](C)[C@@H](O)C[C@]4(C)CC[C@]23C)[C@@]1(C)C(=O)O,300,0.0027868693183157,1.041920106334781
795,35,3.399785544473864e-12,949.5,CCc1nc2ccccc2n1CCCCOc1ccc(Cl)cc1C,300,0.0033997855444738,1.0645687843783
902,35,7.641231440850501e-13,1199.5,C[C@@H]1C(=O)O[C@H]2[C@@H]1O[C@]13O[C@@]4(CC[C@]5(C)C(=O)[C@](C)(O)[C@@]2(O)[C@H]15)C[C@]12OC(=O)C[C@H]1OC(C)(C)[C@@H]2[C@@H](O)C[C@H]4C3=O,300,0.000764123144085,1.0149507710773955
915,35,2.5252457957688027e-12,574.5,C=C1C(=O)[C@]23C[C@H]1C[C@H](OC(C)=O)[C@H]2[C@@]1(C)[C@H]([C@@H](OC(C)=O)[C@@H]3OC(C)=O)C(C)(C)[C@@H](O)C[C@@H]1O,300,0.0025252457957688,1.0462045520971122
942,35,2.1952230732612318e-12,1349.5,C[N+](C)(C)C[C@@H](O)CC(=O)[O-],300,0.0021952230732612,1.4137916102666295
948,35,6.639220040816785e-11,1849.5,CC/C=C\C/C=C\C/C=C\C/C=C\CCSCC(=O)O,300,0.0663922004081678,1.2598122892223946
987,35,2.436323780668717e-12,574.5,Cc1ccccc1Sc1ccc(C#N)c(C(F)(F)F)c1,300,0.0024363237806687,1.1170737622773037
1081,35,2.0142943118411645e-11,1299.5,CCCCOc1ccc(Oc2ccccc2)cc1,300,0.0201429431184116,2.4075242287552903
1097,35,1.519499299302631e-11,1674.5,C1=C2CCCC3CC1CCC23,300,0.0151949929930263,1.020782611105574
1115,35,7.641929432060318e-12,1799.5,CCCCCCCCCCNCCN,300,0.0076419294320603,1.7485723033787537
1118,35,4.271498813435706e-12,1374.5,CCCCCCCCCCCCCC1=C(O)C(=O)C=C(O)C1=O,300,0.0042714988134357,1.2580535889544366
1125,35,1.3697361539668386e-10,1599.5,CC(C)CCCCCCN,300,0.1369736153966838,1.1592124804705939
1138,35,2.0865373444592163e-11,1874.5,NCCCCCCCCN,300,0.0208653734445921,1.8359747241890298
1147,35,4.460532518404523e-11,1374.5,CCCCN(CCCC)C(=O)S,300,0.0446053251840452,1.2451650510051229
1148,35,1.410483967657472e-11,1174.5,NCCOCCOCCN,300,0.0141048396765747,2.3430720053029286
1160,35,5.3421070124378415e-12,1349.5,CCCCCCCCCCCC1=NCCN1CCO,300,0.0053421070124378,1.2097335231625677
1161,35,4.0395799634043597e-11,1324.5,C=CCCCCCCCCCNO,300,0.0403957996340436,1.1102514044996366
1177,35,8.713979876841206e-12,1149.5,CCCCCCCCCCCCCCCCN,300,0.0087139798768412,1.965082299134121
1182,35,5.357186083295167e-11,1799.5,CCCCCCCCCCCCCCN(C)C,300,0.0535718608329516,1.0783234785034626
1251,35,1.0561625664912202e-12,1424.5,C[C@@H]1O[C@@H](O[C@H]2C[C@@H](O)[C@]3(CO)[C@@H]4C(CC[C@]3(O)C2)[C@@]2(O)CC[C@H]([C@@H]3COC(=O)C3)[C@@]2(C)C[C@H]4O)[C@H](O)[C@H](O)[C@H]1O,300,0.0010561625664912,1.3136523336385986
1274,35,1.3961311862687529e-10,1949.5,C=CCCCCCCCCOC(C)=O,300,0.1396131186268752,1.340214433808011
1279,35,1.994691630444386e-12,399.5,CCCCCCCCOCCCCOC[C@H]1O[C@H](O)[C@H](O)[C@@H](O)[C@H]1O,300,0.0019946916304443,1.5423206231020945
1301,35,1.0328446412293304e-12,1799.5,CC(CNCCCNCCNCCCNCO)[N+](=O)[O-],300,0.0010328446412293,1.370447210663611
1306,35,1.0369421355386506e-11,1024.5,NCCCOCCOCCOCCCN,300,0.0103694213553865,2.0684276090732827
1317,35,5.323347404530103e-11,1774.5,OCCOCCOCCOCCO,300,0.053233474045301,2.3845494162210086
1331,35,2.458186820655446e-12,1674.5,CC(C)=CCC/C(C)=C\CCC(C)=CCNCCNCCNCCNCCN,300,0.0024581868206554,1.234539636100038
1333,35,3.9480352585210484e-13,449.5,CC(=O)N1C2C3N(C(C)=O)C1C1N(C(C)=O)C(C(N1C(C)=O)N3C(C)=O)N2C(C)=O,300,0.0003948035258521,1.1493078751424333
1334,35,1.1686863425799288e-11,1649.5,CCCCCCCCC/C=C\CC/C=C/C(O)C(N)CO,300,0.0116868634257992,1.1972898402441219
1341,35,9.40299128364956e-11,1699.5,CCCCCCCCCCC/C=C/C(C)=O,300,0.0940299128364955,2.9250761848727604
1355,35,7.933801760041618e-12,1249.5,CCNC/C=C\CNC/C=C\CNC/C=C\CNC/C=C\CNCC,300,0.0079338017600416,1.072446836363066
1368,35,5.4746045321755886e-12,1249.5,[C-]#[N+]c1ccccc1C=C1CCCCC1,300,0.0054746045321755,1.1768850028270774
1374,35,1.634514134694779e-12,774.5,NCCCCCCCCCCNCCSSCCNCCCCCCCCCCN,300,0.0016345141346947,1.1518580835239483
1384,35,1.7473129508846905e-12,1724.5,CCNCCCCNCCCCNCCCCNC/C=C/CNCCCCNCCCCNCCCCNCC,300,0.0017473129508846,1.091593253759374
1391,35,2.572118382695742e-13,674.5,C[C@@H]1C[C@H](O)[C@]2(O)O[C@@H]3C[C@@]4(C=O)[C@@H](CC[C@@H]5[C@@H]4C[C@@H](O)[C@]4(C)[C@@H](C6=CC(=O)OC6)[C@H](O)C[C@]54O)C[C@H]3O[C@@H]2O1,300,0.0002572118382695,1.9073480409606463
1411,35,1.8483882631358533e-12,1224.5,CCCCCCCCCCCCCC(=O)NC(CCCN)C(=O)NC(CCCN)C(=O)NC(CCCN)C(N)=O,300,0.0018483882631358,1.338801226553468
1419,35,2.3579551356652312e-12,1224.5,CCCCCCCCCCCCCCCC(=O)NC(CCCN)C(=O)NC(CCCN)C(=O)NC(CCCN)C(N)=O,300,0.0023579551356652,1.338801226553468
1426,35,3.8841785541940736e-12,1749.5,CC(C)=CCC/C(C)=C\CCC(C)=CCNCCNCCNCCNCCNCCN,300,0.003884178554194,1.2397053692975073
1430,35,2.9365381158824458e-12,1374.5,CC(C)=CCCC(C)=CCNCCNCCNCCNCCNCCN,300,0.0029365381158824,1.4887304958315917
1433,35,7.617603314371778e-12,849.5,NCCCCCCCCCCCN,300,0.0076176033143717,1.639794908775735
1442,35,1.2675570238073045e-12,674.5,CCCCCCCCCCCCCCCCC(=O)NCCCCC(N)C(=O)NCCCNCCCCNCCCN,300,0.0012675570238073,1.3740035802872106
1454,35,3.39419917915886e-12,1624.5,NCCCCCCCCCNCCSSCCNCCCCCCCCCN,300,0.0033941991791588,1.2265093950561288
