Compound_Name,T_K,Dexp×10-9/m2·s-1,ln(Dexp×10-9/m2·s-1),SMILES_PubChem,ref,can_SMILES,can_SMILES_T_K,Pred,Pred_CV_Mean,Pred_CV_Std,y_true,is_train,is_test
n-pentane,297.16,5.75,1.749199854809259,CCCCC,acs.iecr.2c03342,CCCCC,CCCCC@297.16,5.404161583260003,5.3020206652055055,0.14652319344737566,5.75,True,False
n-pentane,298.16,5.96,1.7850704810772584,CCCCC,acs.iecr.2c03342,CCCCC,CCCCC@298.16,5.450267112010008,5.332355664716007,0.18564078882029453,5.96,True,False
n-pentane,298.2,5.62,1.7263316639055997,CCCCC,acs.iecr.2c03342,CCCCC,CCCCC@298.2,5.315967112010004,5.249075519261004,0.15029904774324002,5.62,True,False
n-hexane,298.16,4.175909091,1.429332080925059,CCCCCC,acs.iecr.2c03342,CCCCCC,CCCCCC@298.16,3.2166727240324975,3.706085078635502,0.16388028103469088,4.175909091,True,False
n-hexane,298.2,4.19,1.4327007339340465,CCCCCC,acs.iecr.2c03342,CCCCCC,CCCCCC@298.2,3.2166727240324975,3.7150502161505075,0.16398257778505312,4.19,False,True
n-heptane,296.0677189,2.974094012,1.0899394588240736,CCCCCCC,acs.iecr.2c03342,CCCCCCC,CCCCCCC@296.0677189,2.999674718570008,2.990150300755007,0.016910817086604916,2.974094012,True,False
n-heptane,296.7181467,3.008437232,1.1014207519599422,CCCCCCC,acs.iecr.2c03342,CCCCCCC,CCCCCCC@296.7181467,3.0131760722200056,3.0035145733710054,0.014187637843792365,3.008437232,True,False
n-heptane,297.7666532,3.013502812,1.1031031271716163,CCCCCCC,acs.iecr.2c03342,CCCCCCC,CCCCCCC@297.7666532,3.0489093438700037,3.030442071639004,0.012345628076401768,3.013502812,True,False
n-heptane,298.16,3.1512,1.147783332674559,CCCCCCC,acs.iecr.2c03342,CCCCCCC,CCCCCCC@298.16,3.1057882278850055,3.080361718981005,0.024794556704792213,3.1512,True,False
n-heptane,298.2496992,3.018576922,1.104785502383292,CCCCCCC,acs.iecr.2c03342,CCCCCCC,CCCCCCC@298.2496992,3.0636588271750025,3.058882703537003,0.015404620952268635,3.018576922,True,False
n-heptane,299.5307287,3.139428962,1.1440409239890208,CCCCCCC,acs.iecr.2c03342,CCCCCCC,CCCCCCC@299.5307287,3.129259153475005,3.098431809083005,0.021913169024708724,3.139428962,True,False
n-heptane,299.7,3.04,1.1118575154181305,CCCCCCC,acs.iecr.2c03342,CCCCCCC,CCCCCCC@299.7,3.129259153475005,3.080990542100003,0.024781224125509933,3.04,False,True
n-heptane,300.0,3.16,1.1505720275988207,CCCCCCC,acs.iecr.2c03342,CCCCCCC,CCCCCCC@300.0,3.1394553414000046,3.1111874629610035,0.021189916051553716,3.16,True,False
n-octane,295.16,2.2,0.7884573603642703,CCCCCCCC,acs.iecr.2c03342,CCCCCCCC,CCCCCCCC@295.16,2.057413524262496,2.1166684660274973,0.0686532293509318,2.2,True,False
n-octane,297.3419325,1.830686335,0.6046909431848948,CCCCCCCC,acs.iecr.2c03342,CCCCCCCC,CCCCCCCC@297.3419325,1.9540757540924978,2.0479470016505,0.08573666378691656,1.830686335,True,False
n-octane,298.16,2.3364,0.8486112831840171,CCCCCCCC,acs.iecr.2c03342,CCCCCCCC,CCCCCCCC@298.16,2.1440093609175026,2.183999766400003,0.06434157214756055,2.3364,True,False
n-nonane,298.16,1.866,0.6237971024251522,CCCCCCCCC,acs.iecr.2c03342,CCCCCCCCC,CCCCCCCCC@298.16,1.70485856068,1.5956543850665004,0.2056590276674908,1.866,True,False
n-nonane,299.0313226,1.678736407,0.5180413716098754,CCCCCCCCC,acs.iecr.2c03342,CCCCCCCCC,CCCCCCCCC@299.0313226,1.6325565530874981,1.5480513306159989,0.1883786326942693,1.678736407,True,False
n-decane,297.1627993,1.305685777,0.2667284022187838,CCCCCCCCCC,acs.iecr.2c03342,CCCCCCCCCC,CCCCCCCCCC@297.1627993,1.4109975395724998,1.348261308430501,0.01611727124309438,1.305685777,False,True
n-decane,298.0,1.4,0.3364722366212129,CCCCCCCCCC,acs.iecr.2c03342,CCCCCCCCCC,CCCCCCCCCC@298.0,1.4142075395724998,1.3786990394325005,0.014307364607389893,1.4,False,True
n-decane,298.16,1.472,0.3866220203066844,CCCCCCCCCC,acs.iecr.2c03342,CCCCCCCCCC,CCCCCCCCCC@298.16,1.4147195809925,1.3839513043490004,0.01681016074706098,1.472,True,False
n-decane,298.4697841,1.332625624,0.2871511495096626,CCCCCCCCCC,acs.iecr.2c03342,CCCCCCCCCC,CCCCCCCCCC@298.4697841,1.3673527106600007,1.3610018664205006,0.012374431953218577,1.332625624,True,False
n-decane,299.3976983,1.319241431,0.2770568982396213,CCCCCCCCCC,acs.iecr.2c03342,CCCCCCCCCC,CCCCCCCCCC@299.3976983,1.34681590497,1.3444758729674997,0.006453532542931198,1.319241431,True,False
n-decane,299.774925,1.352956944,0.3022925264147287,CCCCCCCCCC,acs.iecr.2c03342,CCCCCCCCCC,CCCCCCCCCC@299.774925,1.3517838890550005,1.3512528531824999,0.006711515074943512,1.352956944,True,False
n-undecane,298.16,1.141,0.1319050708799386,CCCCCCCCCCC,acs.iecr.2c03342,CCCCCCCCCCC,CCCCCCCCCCC@298.16,1.2154504660649996,1.2962615217329994,0.08244857400289553,1.141,True,False
n-dodecane,298.16,0.8465,-0.166645077,CCCCCCCCCCCC,acs.iecr.2c03342,CCCCCCCCCCCC,CCCCCCCCCCCC@298.16,1.1045310149574992,1.1398744732544999,0.138357636061233,0.8465,True,False
n-tridecane,298.16,0.7285,-0.316767653,CCCCCCCCCCCCC,acs.iecr.2c03342,CCCCCCCCCCCCC,CCCCCCCCCCCCC@298.16,1.0148028824199988,1.0378263113614987,0.14147413354546484,0.7285,True,False
n-tetradecane,295.16,0.59,-0.527632742,CCCCCCCCCCCCCC,acs.iecr.2c03342,CCCCCCCCCCCCCC,CCCCCCCCCCCCCC@295.16,0.9730352500125011,0.823159820648501,0.14278638759373577,0.59,False,True
n-tetradecane,298.16,0.559987575,-0.579840683,CCCCCCCCCCCCCC,acs.iecr.2c03342,CCCCCCCCCCCCCC,CCCCCCCCCCCCCC@298.16,0.8773226898050004,0.8111651122485,0.1558864054371651,0.559987575,True,False
n-pentadecane,298.16,0.461,-0.774357236,CCCCCCCCCCCCCCC,acs.iecr.2c03342,CCCCCCCCCCCCCCC,CCCCCCCCCCCCCCC@298.16,2.6859948770500006,1.5201181580985021,0.5805022278688348,0.461,False,True
n-hexadecane,298.16,0.387,-0.949330586,CCCCCCCCCCCCCCCC,acs.iecr.2c03342,CCCCCCCCCCCCCCCC,CCCCCCCCCCCCCCCC@298.16,0.8662075675824998,1.0742188956710002,0.4174310462055351,0.387,True,False
isopentane,298.66,4.85,1.5789787049493915,CCC(C)C,acs.iecr.2c03342,CCC(C)C,CCC(C)C@298.66,2.7339508016825,3.932153999185509,0.5164987336830285,4.85,False,True
"2,2-dimethylbutane",298.16,3.51,1.2556160374777745,CCC(C)(C)C,acs.iecr.2c03342,CCC(C)(C)C,CCC(C)(C)C@298.16,3.001900853119995,3.055895157357496,0.22780072311528926,3.51,True,False
"2,3-dimethylbutane",298.16,3.82,1.3402504226184837,CC(C)C(C)C,acs.iecr.2c03342,CC(C)C(C)C,CC(C)C(C)C@298.16,2.302330280659999,3.0295053720460023,0.40350455377731503,3.82,False,True
2-methylpentane,298.16,4.58,1.5216989981260935,CCCC(C)C,acs.iecr.2c03342,CCCC(C)C,CCCC(C)C@298.16,1.6951419863024997,3.2826723137070055,0.8102715134730645,4.58,False,True
3-methylpentane,297.5,3.62,1.2864740258376797,CCC(C)CC,acs.iecr.2c03342,CCC(C)CC,CCC(C)CC@297.5,3.7051282637849927,3.6817691746185006,0.038647243356981095,3.62,False,True
3-methylpentane,298.129,3.93,1.3686394258811698,CCC(C)CC,acs.iecr.2c03342,CCC(C)CC,CCC(C)CC@298.129,3.6767556189299935,3.849121951111497,0.1103269534296256,3.93,True,False
3-methylpentane,298.16,4.33,1.4655675420143983,CCC(C)CC,acs.iecr.2c03342,CCC(C)CC,CCC(C)CC@298.16,3.846634190360004,3.9513026072475035,0.13440986288882215,4.33,True,False
isooctane,298.16,2.28,0.8241754429663494,CC(C)CC(C)(C)C,acs.iecr.2c03342,CC(C)CC(C)(C)C,CC(C)CC(C)(C)C@298.16,2.4127456623249985,2.4435837814769945,0.08590854278063063,2.28,False,True
3-methyl heneicosane,298.0,0.14,-1.966112856,CCCCCCCCCCCCCCCCCCC(C)CC,acs.iecr.2c03342,CCCCCCCCCCCCCCCCCCC(C)CC,CCCCCCCCCCCCCCCCCCC(C)CC@298.0,1.1622443504850002,0.6103291667020002,0.2213980213218409,0.14,False,True
4-methyl docosane,298.0,0.148,-1.910543005,CCCCCCCCCCCCCCCCCCC(C)CCC,acs.iecr.2c03342,CCCCCCCCCCCCCCCCCCC(C)CCC,CCCCCCCCCCCCCCCCCCC(C)CCC@298.0,0.4113520069450005,0.5045877867335004,0.2768960662274778,0.148,True,False
9-methyl tricosane,298.0,0.108,-2.225624052,CCCCCCCCCCCCCCC(C)CCCCCCCC,acs.iecr.2c03342,CCCCCCCCCCCCCCC(C)CCCCCCCC,CCCCCCCCCCCCCCC(C)CCCCCCCC@298.0,0.3976673989524999,0.5968183375735001,0.24443316252549008,0.108,True,False
10-n-hexyl nonadecane,298.0,0.0681,-2.686778066,CCCCCCCCCC(CCCCCC)CCCCCCCCC,acs.iecr.2c03342,CCCCCCCCCC(CCCCCC)CCCCCCCCC,CCCCCCCCCC(CCCCCC)CCCCCCCCC@298.0,0.4252578578125003,0.4147249243160003,0.24049075365287148,0.0681,True,False
cyclopentene,295.66,3.755851284,1.3233149661871173,C1CC=CC1,acs.iecr.2c03342,C1=CCCC1,C1=CCCC1@295.66,3.0207062103799998,2.6130036098269995,0.5230744205017436,3.755851284,True,False
cyclopentane,299.4376137,3.373198521,1.2158614103870575,C1CCCC1,acs.iecr.2c03342,C1CCCC1,C1CCCC1@299.4376137,2.0047911338574993,2.642442814931499,0.4208497275080696,3.373198521,False,True
methylcyclopentane,298.16,2.9,1.0647107369924282,CC1CCCC1,acs.iecr.2c03342,CC1CCCC1,CC1CCCC1@298.16,2.426798278864995,2.4030719053374954,0.265100305885019,2.9,True,False
cyclohexane,298.0,1.446892507,0.3694181580377235,C1CCCCC1,acs.iecr.2c03342,C1CCCCC1,C1CCCCC1@298.0,1.4409344327074982,1.4472297496544986,0.003485297466921149,1.446892507,True,False
cyclohexane,298.16,1.458411765,0.3773480112078978,C1CCCCC1,acs.iecr.2c03342,C1CCCCC1,C1CCCCC1@298.16,1.445238525349998,1.4517739972184984,0.003280984081762535,1.458411765,True,False
cyclohexane,298.18,1.45175,0.3727697252700223,C1CCCCC1,acs.iecr.2c03342,C1CCCCC1,C1CCCCC1@298.18,1.4439394811749995,1.4506678569359992,0.0021065711100329764,1.45175,True,False
cyclohexane,298.2,1.464290273,0.38137067,C1CCCCC1,acs.iecr.2c03342,C1CCCCC1,C1CCCCC1@298.2,1.4442552743149981,1.453070106999999,0.00196177445610913,1.464290273,True,False
cyclohexane,298.3168839,1.427696944,0.3560626176305133,C1CCCCC1,acs.iecr.2c03342,C1CCCCC1,C1CCCCC1@298.3168839,1.430726180534997,1.444882993371998,0.005653600336908786,1.427696944,True,False
cyclohexane,299.3662544,1.496956228,0.403433865,C1CCCCC1,acs.iecr.2c03342,C1CCCCC1,C1CCCCC1@299.3662544,1.4159824313874978,1.4575056234834967,0.01656893461457003,1.496956228,False,True
methylcyclohexane,298.16,1.84,0.6097655716208943,CC1CCCCC1,acs.iecr.2c03342,CC1CCCCC1,CC1CCCCC1@298.16,1.6983924540099964,1.8395781694334972,0.07862020207037278,1.84,True,False
cycloheptane,298.5583701,0.87243023,-0.136472594,C1CCCCCC1,acs.iecr.2c03342,C1CCCCCC1,C1CCCCCC1@298.5583701,0.9198356803225005,1.0824947879279998,0.17629462278368885,0.87243023,True,False
cyclooctane,298.15,0.5445,-0.607887337,C1CCCCCCC1,acs.iecr.2c03342,C1CCCCCCC1,C1CCCCCCC1@298.15,0.7401242524474998,0.8101071785735001,0.16009710999014876,0.5445,True,False
cyclooctane,298.16,0.554666667,-0.589387946,C1CCCCCCC1,acs.iecr.2c03342,C1CCCCCCC1,C1CCCCCCC1@298.16,0.7445448662225005,0.8118291913595005,0.15704867475208825,0.554666667,True,False
cyclodecane,297.7054235,0.328726582,-1.112528932,C1CCCCCCCCC1,acs.iecr.2c03342,C1CCCCCCCCC1,C1CCCCCCCCC1@297.7054235,0.6278034173150011,0.7006538571645005,0.2828751857588975,0.328726582,True,False
cis-perhydroindene,296.0453612,0.630587472,-0.461103398,C1CCC2CCCC2C1,acs.iecr.2c03342,C1CCC2CCCC2C1,C1CCC2CCCC2C1@296.0453612,0.9409962194925012,0.9941369622110013,0.13592027635814471,0.630587472,True,False
trans-decalin,296.5798844,0.679500313,-0.386397585,C1CCC2CCCCC2C1,acs.iecr.2c03342,C1CCC2CCCCC2C1,C1CCC2CCCCC2C1@296.5798844,1.3072064582750011,0.9494057510830018,0.16047539156487192,0.679500313,False,True
bicyclohexane,296.7306123,0.480318323,-0.733306221,C1CCC(CC1)C2CCCCC2,acs.iecr.2c03342,C1CCC(C2CCCCC2)CC1,C1CCC(C2CCCCC2)CC1@296.7306123,0.8089867646925015,0.8809999761610019,0.1928215610850911,0.480318323,True,False
benzene,295.16,1.9,0.6418538861723947,C1=CC=CC=C1,acs.iecr.2c03342,c1ccccc1,c1ccccc1@295.16,2.003662553572496,2.069922475644497,0.05445879117518972,1.9,True,False
benzene,295.8581404,2.175382625,0.7772045687309843,C1=CC=CC=C1,acs.iecr.2c03342,c1ccccc1,c1ccccc1@295.8581404,2.126610342219998,2.1225384113939976,0.009347493109992536,2.175382625,True,False
benzene,296.16,2.07,0.7275486072772777,C1=CC=CC=C1,acs.iecr.2c03342,c1ccccc1,c1ccccc1@296.16,2.176942221627499,2.1319355190214972,0.007428059365884352,2.07,False,True
benzene,298.0,2.27,0.8197798314933114,C1=CC=CC=C1,acs.iecr.2c03342,c1ccccc1,c1ccccc1@298.0,2.2657600826149964,2.255218160021497,0.013550962151992021,2.27,True,False
benzene,298.16,2.204699003,0.7905909930623434,C1=CC=CC=C1,acs.iecr.2c03342,c1ccccc1,c1ccccc1@298.16,2.2382162093199964,2.240076808250497,0.012157914890420762,2.204699003,True,False
benzene,298.18,2.2175,0.7963804352015974,C1=CC=CC=C1,acs.iecr.2c03342,c1ccccc1,c1ccccc1@298.18,2.236266810462497,2.239497041688497,0.010587593823157522,2.2175,True,False
benzene,298.2,2.226333333,0.8003559870753878,C1=CC=CC=C1,acs.iecr.2c03342,c1ccccc1,c1ccccc1@298.2,2.235697877704999,2.2409254690554996,0.010354370961923222,2.226333333,True,False
benzene,299.646344,2.258849605,0.8148556594277019,C1=CC=CC=C1,acs.iecr.2c03342,c1ccccc1,c1ccccc1@299.646344,2.322637674837499,2.286330313026001,0.017117306825047487,2.258849605,False,True
benzene,299.96004,2.336232081,0.8485394097431026,C1=CC=CC=C1,acs.iecr.2c03342,c1ccccc1,c1ccccc1@299.96004,2.322637674837499,2.3053948194655,0.009291537736671221,2.336232081,True,False
toluene,295.16,2.26,0.8153648132841944,CC1=CC=CC=C1,acs.iecr.2c03342,Cc1ccccc1,Cc1ccccc1@295.16,2.009984607922497,2.1505155224134977,0.05993584649634428,2.26,False,True
toluene,295.4467165,2.114404396,0.7487731634817032,CC1=CC=CC=C1,acs.iecr.2c03342,Cc1ccccc1,Cc1ccccc1@295.4467165,2.0581019652049974,2.132758503182998,0.030392697275605493,2.114404396,True,False
toluene,297.8504141,1.925660163,0.6552688506898747,CC1=CC=CC=C1,acs.iecr.2c03342,Cc1ccccc1,Cc1ccccc1@297.8504141,2.024696946224998,2.130944848599998,0.09792151000401726,1.925660163,True,False
toluene,297.9851002,2.130243278,0.7562361881747037,CC1=CC=CC=C1,acs.iecr.2c03342,Cc1ccccc1,Cc1ccccc1@297.9851002,2.1090147624450015,2.210613936946001,0.06878091273637318,2.130243278,True,False
toluene,298.1597641,2.375565538,0.8652355304531425,CC1=CC=CC=C1,acs.iecr.2c03342,Cc1ccccc1,Cc1ccccc1@298.1597641,2.1778414505425023,2.2736233465174998,0.03844056671356036,2.375565538,False,True
toluene,298.16,2.257143266,0.8140999720805207,CC1=CC=CC=C1,acs.iecr.2c03342,Cc1ccccc1,Cc1ccccc1@298.16,2.1778414505425023,2.264832007547001,0.033280153760929417,2.257143266,True,False
o-xylene,295.16,1.76,0.5653138090500605,CC1=CC=CC=C1C,acs.iecr.2c03342,Cc1ccccc1C,Cc1ccccc1C@295.16,1.7407008212624961,1.8324350633879973,0.07178048224584772,1.76,True,False
mesitylene,298.8341245,1.597185002,0.4682427056875441,CC1=CC(=CC(=C1)C)C,acs.iecr.2c03342,Cc1cc(C)cc(C)c1,Cc1cc(C)cc(C)c1@298.8341245,1.403915930887502,1.5632514439850012,0.07844817354213332,1.597185002,True,False
"1,3,5-triisopropylbenzene",298.6037509,0.38249696,-0.961034573,CC(C)C1=CC(=CC(=C1)C(C)C)C(C)C,acs.iecr.2c03342,CC(C)c1cc(C(C)C)cc(C(C)C)c1,CC(C)c1cc(C(C)C)cc(C(C)C)c1@298.6037509,0.809962153742499,1.1791037251394993,0.33698291176115425,0.38249696,True,False
tetramethoxymethane,297.2014464,0.897009322,-0.108689025,COC(OC)(OC)OC,acs.iecr.2c03342,COC(OC)(OC)OC,COC(OC)(OC)OC@297.2014464,1.1511721305775007,1.1809871876855005,0.13316813326398266,0.897009322,True,False
tetrahydrofuran,298.16,3.12,1.1378330018213911,C1CCOC1,acs.iecr.2c03342,C1CCOC1,C1CCOC1@298.16,2.495096066167502,2.3669661592760014,0.3516660573848384,3.12,True,False
tetrahydropyran,298.16,1.84,0.6097655716208943,C1CCOCC1,acs.iecr.2c03342,C1CCOCC1,C1CCOCC1@298.16,1.7202260898399977,1.784037044311998,0.08110729960122133,1.84,True,False
dioxane,296.5319244,1.145420869,0.1357721405268427,C1COCCO1,acs.iecr.2c03342,C1COCCO1,C1COCCO1@296.5319244,1.0385548040024986,0.9547486421789984,0.2250947449887659,1.145420869,True,False
dioxane,298.16,1.089666667,0.085871839,C1COCCO1,acs.iecr.2c03342,C1COCCO1,C1COCCO1@298.16,1.0116146373374986,0.9351127978974982,0.22042834156776359,1.089666667,True,False
15-crown-5,298.2452335,0.052152278,-2.953587416,C1COCCOCCOCCOCCO1,acs.iecr.2c03342,C1COCCOCCOCCOCCO1,C1COCCOCCOCCOCCO1@298.2452335,0.20849421455750036,0.37279081985900014,0.18972853466528433,0.052152278,True,False
15-crown-5,298.7303958,0.050518044,-2.985424699,C1COCCOCCOCCOCCO1,acs.iecr.2c03342,C1COCCOCCOCCOCCO1,C1COCCOCCOCCOCCO1@298.7303958,0.20529192834750032,0.36757004959600015,0.18911937283168226,0.050518044,True,False
acetone,295.16,4.867,1.5824777308513172,CC(=O)C,acs.iecr.2c03342,CC(C)=O,CC(C)=O@295.16,4.441344043544998,4.581310417406492,0.17346620634217289,4.867,False,True
acetone,297.8157492,4.715694622,1.5508962270308215,CC(=O)C,acs.iecr.2c03342,CC(C)=O,CC(C)=O@297.8157492,4.439216453259998,4.438770074451997,0.16387325767421002,4.715694622,True,False
acetone,298.0,4.0,1.3862943611198906,CC(=O)C,acs.iecr.2c03342,CC(C)=O,CC(C)=O@298.0,4.158735610029994,4.2960753947284935,0.20983681665241585,4.0,True,False
acetone,298.16,4.717857143,1.551354701353075,CC(=O)C,acs.iecr.2c03342,CC(C)=O,CC(C)=O@298.16,4.417820986952486,4.495000967250489,0.15312930615590836,4.717857143,True,False
acetone,299.7360791,4.659281141,1.538861174730136,CC(=O)C,acs.iecr.2c03342,CC(C)=O,CC(C)=O@299.7360791,4.402832622017486,4.55819636797649,0.15245135747499483,4.659281141,False,True
acetone,300.0,4.7,1.547562508716013,CC(=O)C,acs.iecr.2c03342,CC(C)=O,CC(C)=O@300.0,4.402832622017486,4.566519887871502,0.15607786676291263,4.7,False,True
2-pentanone,298.16,2.97,1.0885619528146082,CCCC(=O)C,acs.iecr.2c03342,CCCC(C)=O,CCCC(C)=O@298.16,2.977842653197497,3.045241124068507,0.09815682929575474,2.97,False,True
2-hexanone,298.16,2.06,0.7227059828014898,CCCCC(=O)C,acs.iecr.2c03342,CCCCC(C)=O,CCCCC(C)=O@298.16,2.0171143146750024,1.8761283635510018,0.1391975840553668,2.06,True,False
2-heptanone,298.16,1.61,0.4762341789963717,CCCCCC(=O)C,acs.iecr.2c03342,CCCCCC(C)=O,CCCCCC(C)=O@298.16,1.4038960647050018,1.5473736365520048,0.10339066841935064,1.61,False,True
2-octanone,298.16,1.18,0.1655144384775733,CCCCCCC(=O)C,acs.iecr.2c03342,CCCCCCC(C)=O,CCCCCCC(C)=O@298.16,1.2071754889150028,1.4750101532010034,0.14217979277477547,1.18,True,False
2-nonanone,298.16,0.945,-0.056570351,CCCCCCCC(=O)C,acs.iecr.2c03342,CCCCCCCC(C)=O,CCCCCCCC(C)=O@298.16,1.0860124295399975,1.1186360159024988,0.1374128074848671,0.945,True,False
2-decanone,298.16,0.747,-0.291690094,CCCCCCCCC(=O)C,acs.iecr.2c03342,CCCCCCCCC(C)=O,CCCCCCCCC(C)=O@298.16,1.1097579878575032,1.1513210735835033,0.17163120195070156,0.747,True,False
cyclohexanone,298.16,0.89,-0.116533816,C1CCC(=O)CC1,acs.iecr.2c03342,O=C1CCCCC1,O=C1CCCCC1@298.16,1.1779181880324974,1.2113078538584978,0.20974645127837602,0.89,True,False
methyl acetate,298.16,3.28,1.1878434223960523,CC(=O)OC,acs.iecr.2c03342,COC(C)=O,COC(C)=O@298.16,2.7558800425099914,2.8291445503964936,0.11486514451289456,3.28,True,False
ethyl acetate,298.16,2.77,1.0188473201992472,CCOC(=O)C,acs.iecr.2c03342,CCOC(C)=O,CCOC(C)=O@298.16,2.6834062869974953,2.709369427507997,0.08872155439324095,2.77,True,False
γ-butyrolactone,295.0,0.83,-0.186329578,C1CC(=O)OC1,acs.iecr.2c03342,O=C1CCCO1,O=C1CCCO1@295.0,1.0335992313975015,1.0669017373765015,0.05750042147486874,0.83,True,False
n-methyl hexyl carbonate,298.16,0.729,-0.316081547,CCCCCCOC(=O)OC,acs.iecr.2c03342,CCCCCCOC(=O)OC,CCCCCCOC(=O)OC@298.16,0.7996095458725017,1.0129697535515025,0.06277836555404007,0.729,True,False
n-methyl octyl carbonate,298.16,0.491,-0.711311151,CCCCCCCCOC(=O)OC,acs.iecr.2c03342,CCCCCCCCOC(=O)OC,CCCCCCCCOC(=O)OC@298.16,0.6209151958749994,0.8414924070235014,0.14042934658010817,0.491,True,False
n-methyl decyl carbonate,298.16,0.303,-1.194022473,CCCCCCCCCCOC(=O)OC,acs.iecr.2c03342,CCCCCCCCCCOC(=O)OC,CCCCCCCCCCOC(=O)OC@298.16,0.4814963197974989,0.6419841797239993,0.17139635805193726,0.303,True,False
n-methyl dodecyl carbonate,298.16,0.21,-1.560647748,CCCCCCCCCCCCOC(=O)OC,acs.iecr.2c03342,CCCCCCCCCCCCOC(=O)OC,CCCCCCCCCCCCOC(=O)OC@298.16,0.49557740698499897,0.9101497707334995,0.3271019477584584,0.21,True,False
propylene carbonate,296.7784318,0.342289602,-1.072098112,CC1COC(=O)O1,acs.iecr.2c03342,CC1COC(=O)O1,CC1COC(=O)O1@296.7784318,0.8015401669599984,1.1012613931269988,0.3433896371927612,0.342289602,True,False
acetic anhydride,298.16,1.6,0.4700036292457356,CC(=O)OC(=O)C,acs.iecr.2c03342,CC(=O)OC(C)=O,CC(=O)OC(C)=O@298.16,1.7104661744424998,1.7114210480110015,0.08359466991293754,1.6,False,True
acetonitrile,298.16,4.479545455,1.4995215802404125,CC#N,acs.iecr.2c03342,CC#N,CC#N@298.16,1.2820795164450005,2.9856275241144963,0.8524010347839298,4.479545455,False,True
n-heptanenitrile,298.16,0.954,-0.047091608,CCCCCCC#N,acs.iecr.2c03342,CCCCCCC#N,CCCCCCC#N@298.16,1.0358722989325002,1.4562862537315011,0.3246950907029238,0.954,True,False
n-octanenitrile,298.16,0.73,-0.314710745,CCCCCCCC#N,acs.iecr.2c03342,CCCCCCCC#N,CCCCCCCC#N@298.16,0.7319284744249994,1.1329320496894986,0.26274566880707434,0.73,True,False
n-nonanenitrile,298.16,0.538,-0.619896719,CCCCCCCCC#N,acs.iecr.2c03342,CCCCCCCCC#N,CCCCCCCCC#N@298.16,0.5892582412624993,0.805242689979,0.12065980248989742,0.538,True,False
n-decanenitrile,298.16,0.458,-0.780886095,CCCCCCCCCC#N,acs.iecr.2c03342,CCCCCCCCCC#N,CCCCCCCCCC#N@298.16,0.5582556400599995,0.6830886527274995,0.15338805071536682,0.458,True,False
n-dodecanenitrile,298.16,0.291,-1.234432012,CCCCCCCCCCCC#N,acs.iecr.2c03342,CCCCCCCCCCCC#N,CCCCCCCCCCCC#N@298.16,0.5120932753199992,0.6340593326469991,0.23551015905184924,0.291,True,False
aniline,298.2,0.27,-1.30933332,C1=CC=C(C=C1)N,acs.iecr.2c03342,Nc1ccccc1,Nc1ccccc1@298.2,0.6015580880374991,0.7225991568499995,0.25036276817174896,0.27,True,False
m-fluoroaniline,295.5204794,0.473979848,-0.746590474,C1=CC(=CC(=C1)F)N,acs.iecr.2c03342,Nc1cccc(F)c1,Nc1cccc(F)c1@295.5204794,0.6959218557474999,0.8979259812015,0.21251586896840075,0.473979848,True,False
ethylenediamine,298.0,0.98,-0.020202707,C(CN)N,acs.iecr.2c03342,NCCN,NCCN@298.0,1.2531329093574974,1.2325502179754981,0.13548435781862875,0.98,True,False
formamide,298.16,0.53,-0.634878272,C(=O)N,acs.iecr.2c03342,NC=O,NC=O@298.16,1.2371871360925006,0.9913666848905004,0.1957213232870382,0.53,False,True
"N,N-dimethylformamide",298.16,1.63,0.4885800148186709,CN(C)C=O,acs.iecr.2c03342,CN(C)C=O,CN(C)C=O@298.16,1.0438571836674997,1.417841451969999,0.21114537038231282,1.63,False,True
2-nitroisobutane,295.3066325,2.321427947,0.8421824905737951,CC(C)(C)[N+](=O)[O-],acs.iecr.2c03342,CC(C)(C)[N+](=O)[O-],CC(C)(C)[N+](=O)[O-]@295.3066325,1.4329915920424992,1.8849976787845013,0.26205237455745417,2.321427947,False,True
nitrobenzene,298.2,1.081,0.077886539,C1=CC=C(C=C1)[N+](=O)[O-],acs.iecr.2c03342,O=[N+]([O-])c1ccccc1,O=[N+]([O-])c1ccccc1@298.2,2.0330709372375,1.5507231000004986,0.21448620995662782,1.081,False,True
dinitrofluoromethane,298.16,0.938458906,-0.063516211,C([N+](=O)[O-])([N+](=O)[O-])F,acs.iecr.2c03342,O=[N+]([O-])C(F)[N+](=O)[O-],O=[N+]([O-])C(F)[N+](=O)[O-]@298.16,1.1213110339174974,1.205395902056998,0.10856100220139434,0.938458906,True,False
trinitrofluoromethane,295.66,1.213310356,0.1933524555054136,C([N+](=O)[O-])([N+](=O)[O-])([N+](=O)[O-])F,acs.iecr.2c03342,O=[N+]([O-])C(F)([N+](=O)[O-])[N+](=O)[O-],O=[N+]([O-])C(F)([N+](=O)[O-])[N+](=O)[O-]@295.66,1.2800849332724982,1.2666133579029974,0.06800610322256986,1.213310356,True,False
pyridine,298.1417254,1.704761502,0.5334252197080135,C1=CC=NC=C1,acs.iecr.2c03342,c1ccncc1,c1ccncc1@298.1417254,1.8244991259475045,1.8083875229535011,0.06747947874205593,1.704761502,False,True
pyridine,298.16,1.72,0.5423242908253617,C1=CC=NC=C1,acs.iecr.2c03342,c1ccncc1,c1ccncc1@298.16,1.8248961659475043,1.8255420622580036,0.07733620107479959,1.72,True,False
dimethylsulfoxide,298.16,0.748666667,-0.289461432,CS(=O)C,acs.iecr.2c03342,CS(C)=O,CS(C)=O@298.16,1.4520657235600027,1.6889697470000022,0.4743030839022025,0.748666667,True,False
carbon disulfide,298.16,4.39,1.479329227,C(=S)=S,acs.iecr.2c03342,S=C=S,S=C=S@298.16,3.612881264259994,3.1060068447509943,0.7324132894441647,4.39,True,False
n-hexanethiol,298.16,1.51,0.412109651,CCCCCCS,acs.iecr.2c03342,CCCCCCS,CCCCCCS@298.16,1.3600771004849976,1.3282488017599985,0.13124040372997106,1.51,True,False
n-heptanethiol,298.16,1.18,0.1655144384775733,CCCCCCCS,acs.iecr.2c03342,CCCCCCCS,CCCCCCCS@298.16,1.0250769022950017,1.0269647122900016,0.04006979284873501,1.18,True,False
n-octanethiol,298.16,0.931,-0.071496002,CCCCCCCCS,acs.iecr.2c03342,CCCCCCCCS,CCCCCCCCS@298.16,0.8943549213325003,0.9155731804565008,0.07305988043829009,0.931,True,False
n-dodecanethiol,298.16,0.392,-0.936493439,CCCCCCCCCCCCS,acs.iecr.2c03342,CCCCCCCCCCCCS,CCCCCCCCCCCCS@298.16,1.0703121079874995,1.1843379039204993,0.4582113180588931,0.392,True,False
tri-n-butyl phosphate,296.0243857,0.309400643,-1.173118262,CCCCOP(=O)(OCCCC)OCCCC,acs.iecr.2c03342,CCCCOP(=O)(OCCCC)OCCCC,CCCCOP(=O)(OCCCC)OCCCC@296.0243857,0.40774104428749974,0.4146823469404999,0.050480440320226715,0.309400643,True,False
tri-n-butyl phosphate,298.0,0.28,-1.272965676,CCCCOP(=O)(OCCCC)OCCCC,acs.iecr.2c03342,CCCCOP(=O)(OCCCC)OCCCC,CCCCOP(=O)(OCCCC)OCCCC@298.0,0.3924912785524999,0.3996539124935,0.050912443943512714,0.28,True,False
tri-n-butyl phosphate,298.16,0.229,-1.474033275,CCCCOP(=O)(OCCCC)OCCCC,acs.iecr.2c03342,CCCCOP(=O)(OCCCC)OCCCC,CCCCOP(=O)(OCCCC)OCCCC@298.16,0.39160013304749985,0.3920075869744998,0.050832541041276685,0.229,False,True
tetramethyl silane,298.16,4.13,1.4182774069729414,C[Si](C)(C)C,acs.iecr.2c03342,C[Si](C)(C)C,C[Si](C)(C)C@298.16,3.719244635602493,3.3731216942619944,0.8052188968295465,4.13,True,False
tetramethyl silane,299.3704759,4.134515851,1.4193702360341935,C[Si](C)(C)C,acs.iecr.2c03342,C[Si](C)(C)C,C[Si](C)(C)C@299.3704759,3.723802510767489,3.3765192239304915,0.8068598659850009,4.134515851,True,False
tetrametoxy silane,296.6920303,1.410255687,0.3437710264311215,CO[Si](OC)(OC)OC,acs.iecr.2c03342,CO[Si](OC)(OC)OC,CO[Si](OC)(OC)OC@296.6920303,1.3993574114799996,1.4146185368124995,0.03156552772776758,1.410255687,True,False
tetrametoxy silane,298.5059569,1.403509095,0.3389755972945766,CO[Si](OC)(OC)OC,acs.iecr.2c03342,CO[Si](OC)(OC)OC,CO[Si](OC)(OC)OC@298.5059569,1.4011075980424998,1.4191521088450005,0.050377586143101075,1.403509095,True,False
eicosamethylnonasiloxane,298.16,0.179142434,-1.71957407,C[Si](C)(C)O[Si](C)(C)O[Si](C)(C)O[Si](C)(C)O[Si](C)(C)O[Si](C)(C)O[Si](C)(C)O[Si](C)(C)O[Si](C)(C)C,acs.iecr.2c03342,C[Si](C)(C)O[Si](C)(C)O[Si](C)(C)O[Si](C)(C)O[Si](C)(C)O[Si](C)(C)O[Si](C)(C)O[Si](C)(C)O[Si](C)(C)C,C[Si](C)(C)O[Si](C)(C)O[Si](C)(C)O[Si](C)(C)O[Si](C)(C)O[Si](C)(C)O[Si](C)(C)O[Si](C)(C)O[Si](C)(C)C@298.16,0.34026119524749965,0.5455336979729996,0.11756696227931997,0.179142434,True,False
octamethylcyclotetrasiloxane,298.8854251,0.393986317,-0.9314391,C[Si]1(O[Si](O[Si](O[Si](O1)(C)C)(C)C)(C)C)C,acs.iecr.2c03342,C[Si]1(C)O[Si](C)(C)O[Si](C)(C)O[Si](C)(C)O1,C[Si]1(C)O[Si](C)(C)O[Si](C)(C)O[Si](C)(C)O1@298.8854251,0.45756834261749946,0.5530336548604993,0.09935777555856933,0.393986317,True,False
octamethylcyclotetrasiloxane,299.297915,0.398432147,-0.920218066,C[Si]1(O[Si](O[Si](O[Si](O1)(C)C)(C)C)(C)C)C,acs.iecr.2c03342,C[Si]1(C)O[Si](C)(C)O[Si](C)(C)O[Si](C)(C)O1,C[Si]1(C)O[Si](C)(C)O[Si](C)(C)O[Si](C)(C)O1@299.297915,0.45907760274749926,0.556903669598499,0.09637018492274299,0.398432147,True,False
trimethylchlorosilane,295.8721232,2.466788858,0.9029172474899756,C[Si](C)(C)Cl,acs.iecr.2c03342,C[Si](C)(C)Cl,C[Si](C)(C)Cl@295.8721232,2.160913852294994,1.836335978687495,0.3495811451651964,2.466788858,True,False
"trichloro (3,3,3-trifluoropropyl) silane",298.16,1.088500893,0.084801423,C(C[Si](Cl)(Cl)Cl)C(F)(F)F,acs.iecr.2c03342,FC(F)(F)CC[Si](Cl)(Cl)Cl,FC(F)(F)CC[Si](Cl)(Cl)Cl@298.16,1.090604944407501,1.1691360961460011,0.11496806556306795,1.088500893,True,False
"trichloro (1-chloro-3,3,3-trifluoropropyl) silane",298.16,0.82499214,-0.19238142,C(C([Si](Cl)(Cl)Cl)Cl)C(F)(F)F,acs.iecr.2c03342,FC(F)(F)CC(Cl)[Si](Cl)(Cl)Cl,FC(F)(F)CC(Cl)[Si](Cl)(Cl)Cl@298.16,1.1976320536325018,1.3048596162785022,0.28625390475465656,0.82499214,True,False
dichloromethane,298.16,3.648,1.294179072212085,C(Cl)Cl,acs.iecr.2c03342,ClCCl,ClCCl@298.16,2.95907179232001,2.599570241015008,0.4494282078934819,3.648,True,False
chloroform,295.3518308,2.863346865,1.0519911730289695,C(Cl)(Cl)Cl,acs.iecr.2c03342,ClC(Cl)Cl,ClC(Cl)Cl@295.3518308,2.820022803582497,2.757425909820496,0.0942958270487734,2.863346865,True,False
chloroform,296.3989488,2.760336237,1.0153524971936985,C(Cl)(Cl)Cl,acs.iecr.2c03342,ClC(Cl)Cl,ClC(Cl)Cl@296.3989488,2.7826389999674963,2.7402008530119955,0.08400214780054906,2.760336237,True,False
chloroform,298.2586386,2.902827776,1.0656853572116778,C(Cl)(Cl)Cl,acs.iecr.2c03342,ClC(Cl)Cl,ClC(Cl)Cl@298.2586386,2.864293302214993,2.806846407289994,0.07879130780567144,2.902827776,True,False
chloroform,299.9500513,2.956694811,1.084072026594657,C(Cl)(Cl)Cl,acs.iecr.2c03342,ClC(Cl)Cl,ClC(Cl)Cl@299.9500513,2.897864235089995,2.8340491970039956,0.08183459572456057,2.956694811,True,False
carbon tetrachloride,298.16,1.3166,0.2750526560516392,C(Cl)(Cl)(Cl)Cl,acs.iecr.2c03342,ClC(Cl)(Cl)Cl,ClC(Cl)(Cl)Cl@298.16,1.455726553612497,1.5218450031564976,0.11138444025810489,1.3166,True,False
carbon tetrachloride,298.2,1.296,0.2592825979300829,C(Cl)(Cl)(Cl)Cl,acs.iecr.2c03342,ClC(Cl)(Cl)Cl,ClC(Cl)(Cl)Cl@298.2,1.4410831045674979,1.516451811497498,0.11613986825459163,1.296,True,False
dibromomethane,295.5831433,1.443501698,0.367071896,C(Br)Br,acs.iecr.2c03342,BrCBr,BrCBr@295.5831433,1.5529349100449996,1.5224650697765,0.14301258032801034,1.443501698,True,False
dibromomethane,297.8248152,1.488755239,0.39794036,C(Br)Br,acs.iecr.2c03342,BrCBr,BrCBr@297.8248152,1.5525234459824997,1.5399554740475003,0.1321219595775429,1.488755239,True,False
dibromomethane,299.6896072,1.521940142,0.4199859304671977,C(Br)Br,acs.iecr.2c03342,BrCBr,BrCBr@299.6896072,1.5507229900775017,1.5466146783055013,0.12694713462491494,1.521940142,True,False
bromoform,296.1000375,0.766346648,-0.266120669,C(Br)(Br)Br,acs.iecr.2c03342,BrC(Br)Br,BrC(Br)Br@296.1000375,0.7752124320674999,0.9007083071354993,0.10598341431186485,0.766346648,True,False
bromoform,299.3457624,0.78639469,-0.240296462,C(Br)(Br)Br,acs.iecr.2c03342,BrC(Br)Br,BrC(Br)Br@299.3457624,0.7892645521375,0.9097586774265001,0.1140270976327564,0.78639469,True,False
iodomethane,296.4242401,3.458882371,1.2409455226377697,CI,acs.iecr.2c03342,CI,CI@296.4242401,3.452522225154995,3.4556874182574964,0.02699732024306762,3.458882371,True,False
iodomethane,297.8557138,3.460784142,1.241495194055951,CI,acs.iecr.2c03342,CI,CI@297.8557138,3.459447614984998,3.4624138967915004,0.05427154101679275,3.460784142,True,False
iodomethane,297.8569179,3.395138793,1.2223446418465231,CI,acs.iecr.2c03342,CI,CI@297.8569179,3.435843815909999,3.442705448508002,0.06364256539753689,3.395138793,True,False
iodomethane,297.9457046,3.605697884,1.2825153397567408,CI,acs.iecr.2c03342,CI,CI@297.9457046,3.5238148416850055,3.5075847719790048,0.053230523478974515,3.605697884,True,False
iodomethane,298.16,3.5,1.252762968495368,CI,acs.iecr.2c03342,CI,CI@298.16,3.491103024795002,3.4902405190795016,0.025142493598354215,3.5,True,False
iodomethane,299.0937186,3.485474806,1.2486042777310922,CI,acs.iecr.2c03342,CI,CI@299.0937186,3.477828300319999,3.4832858527924992,0.011894650335048839,3.485474806,True,False
diiodomethane,295.0412004,0.516656409,-0.660377212,C(I)I,acs.iecr.2c03342,ICI,ICI@295.0412004,0.637887050492501,0.7748865373930008,0.2523790647356638,0.516656409,True,False
diiodomethane,297.0680445,0.53167338,-0.631725925,C(I)I,acs.iecr.2c03342,ICI,ICI@297.0680445,0.5902567173875007,0.7718576247510003,0.24847494274008702,0.53167338,True,False
diiodomethane,299.978573,0.563549041,-0.573500921,C(I)I,acs.iecr.2c03342,ICI,ICI@299.978573,0.6047898735525006,0.7886044155885001,0.2360182137153418,0.563549041,True,False
"1,2-dichloroethane",298.16,1.86,0.620576488,C(CCl)Cl,acs.iecr.2c03342,ClCCCl,ClCCCl@298.16,2.148459048650008,2.115969273427006,0.29869317996678374,1.86,True,False
bromoethane,295.66,3.8,1.335001067,CCBr,acs.iecr.2c03342,CCBr,CCBr@295.66,3.395140300859995,3.137109794132998,0.35036962249129433,3.8,True,False
"1,8-dibromooctane",295.16,0.207951212,-1.570451783,C(CCCCBr)CCCBr,acs.iecr.2c03342,BrCCCCCCCCBr,BrCCCCCCCCBr@295.16,0.8095250144999998,0.8921026590089994,0.48744170226991507,0.207951212,True,False
tert-butyl iodide,296.1190681,0.937189978,-0.064869266,CC(C)(C)I,acs.iecr.2c03342,CC(C)(C)I,CC(C)(C)I@296.1190681,1.2357771782649996,1.3072752293679994,0.2636110007611301,0.937189978,True,False
perfluorodecalin,298.7849483,0.31009261,-1.170884283,C12(C(C(C(C(C1(F)F)(F)F)(F)F)(F)F)(C(C(C(C2(F)F)(F)F)(F)F)(F)F)F)F,acs.iecr.2c03342,FC1(F)C(F)(F)C(F)(F)C2(F)C(F)(F)C(F)(F)C(F)(F)C(F)(F)C2(F)C1(F)F,FC1(F)C(F)(F)C(F)(F)C2(F)C(F)(F)C(F)(F)C(F)(F)C(F)(F)C2(F)C1(F)F@298.7849483,0.6617472325249998,0.8502431357489995,0.28417652099480745,0.31009261,True,False
fluorobenzene,298.16,2.395,0.8733832308628786,C1=CC=C(C=C1)F,acs.iecr.2c03342,Fc1ccccc1,Fc1ccccc1@298.16,1.3787745167475014,1.8928669793529984,0.23965272961436784,2.395,False,True
hexafluorobenzene,298.16,1.495,0.4021262068426498,C1(=C(C(=C(C(=C1F)F)F)F)F)F,acs.iecr.2c03342,Fc1c(F)c(F)c(F)c(F)c1F,Fc1c(F)c(F)c(F)c(F)c1F@298.16,1.4700711567800016,1.5089207946275018,0.09929796732483477,1.495,True,False
hexafluorobenzene,298.7400785,1.516367451,0.4163176397414047,C1(=C(C(=C(C(=C1F)F)F)F)F)F,acs.iecr.2c03342,Fc1c(F)c(F)c(F)c(F)c1F,Fc1c(F)c(F)c(F)c(F)c1F@298.7400785,1.4696503947700021,1.513681698500502,0.09523290641668147,1.516367451,True,False
chlorobenzene,298.0,1.8,0.5877866649021191,C1=CC=C(C=C1)Cl,acs.iecr.2c03342,Clc1ccccc1,Clc1ccccc1@298.0,1.768110667182502,1.6834735616900023,0.15887481750519108,1.8,True,False
chlorobenzene,298.16,1.758,0.5641767992629853,C1=CC=C(C=C1)Cl,acs.iecr.2c03342,Clc1ccccc1,Clc1ccccc1@298.16,1.753451954425,1.6732556794860003,0.15793654861393366,1.758,True,False
chlorobenzene,299.647524,1.789233459,0.5817872930006065,C1=CC=C(C=C1)Cl,acs.iecr.2c03342,Clc1ccccc1,Clc1ccccc1@299.647524,1.7576111036350008,1.6842171797845005,0.15321759088745107,1.789233459,True,False
bromobenzene,298.2,1.13,0.1222176327242491,C1=CC=C(C=C1)Br,acs.iecr.2c03342,Brc1ccccc1,Brc1ccccc1@298.2,1.1143683404999987,1.2655061154874985,0.09785838621433669,1.13,True,False
bromobenzene,299.7091045,1.31495596,0.2738031744379992,C1=CC=C(C=C1)Br,acs.iecr.2c03342,Brc1ccccc1,Brc1ccccc1@299.7091045,1.1196713963974987,1.301311390979999,0.0934286275785279,1.31495596,False,True
iodobenzene,299.0955355,0.975815673,-0.02448157,C1=CC=C(C=C1)I,acs.iecr.2c03342,Ic1ccccc1,Ic1ccccc1@299.0955355,1.0697690075199997,1.1876855361825,0.13443556220523367,0.975815673,True,False
methanol,298.0,2.44,0.8919980393051105,CO,acs.iecr.2c03342,CO,CO@298.0,2.309621946380002,2.3221172567095016,0.04270279241298988,2.44,True,False
methanol,298.16,2.342704,0.8513058177847403,CO,acs.iecr.2c03342,CO,CO@298.16,2.2743819595575054,2.3004666226510038,0.04522981751936574,2.342704,True,False
methanol,298.2,2.41,0.8796267475025636,CO,acs.iecr.2c03342,CO,CO@298.2,2.2690166897200053,2.3093056867600046,0.04500179857320541,2.41,False,True
ethanol,295.86,1.26,0.2311117209633866,CCO,acs.iecr.2c03342,CCO,CCO@295.86,1.2792533722749992,1.2104626019924993,0.062344376151571526,1.26,True,False
ethanol,296.16,1.09,0.086177696,CCO,acs.iecr.2c03342,CCO,CCO@296.16,1.2459025672024993,1.1711254186140008,0.06579277339716963,1.09,False,True
ethanol,296.46,1.37,0.3148107398400336,CCO,acs.iecr.2c03342,CCO,CCO@296.46,1.2794296715475013,1.2253536311960012,0.07451572597415232,1.37,True,False
ethanol,298.0,1.05,0.048790164,CCO,acs.iecr.2c03342,CCO,CCO@298.0,1.1122550376900013,1.105804807164001,0.029672336816222143,1.05,True,False
ethanol,298.16,1.069230769,0.066939483,CCO,acs.iecr.2c03342,CCO,CCO@298.16,1.1149458754899984,1.1076655716204997,0.026764722868242854,1.069230769,False,True
ethanol,298.2,1.07,0.067658648,CCO,acs.iecr.2c03342,CCO,CCO@298.2,1.106145236272498,1.106557423922499,0.024397846585887697,1.07,True,False
"2,2,2-trifluoroethanol",298.16,0.5995,-0.511659305,C(C(F)(F)F)O,acs.iecr.2c03342,OCC(F)(F)F,OCC(F)(F)F@298.16,0.8373950832200019,0.8194264701880016,0.11043632016415732,0.5995,True,False
1-propanol,297.16,0.512,-0.669430654,CCCO,acs.iecr.2c03342,CCCO,CCCO@297.16,0.5656539988699998,0.7709163592369996,0.355563339692053,0.512,True,False
1-propanol,298.16,0.60425,-0.503767259,CCCO,acs.iecr.2c03342,CCCO,CCCO@298.16,0.587970579667499,0.7907432039719988,0.34531949204769885,0.60425,True,False
2-propanol,298.16,0.649,-0.432322562,CC(C)O,acs.iecr.2c03342,CC(C)O,CC(C)O@298.16,0.8319900572075004,1.1188474303075,0.37810189153666485,0.649,True,False
1-butanol,297.16,0.426,-0.853315933,CCCCO,acs.iecr.2c03342,CCCCO,CCCCO@297.16,0.48695092014000013,0.5716879164524998,0.07993571929148278,0.426,True,False
1-butanol,298.16,0.445,-0.809680997,CCCCO,acs.iecr.2c03342,CCCCO,CCCCO@298.16,0.4926843105399993,0.576788461443499,0.07969973522191086,0.445,True,False
tert-butanol,299.4393002,0.309715591,-1.172100851,CC(C)(C)O,acs.iecr.2c03342,CC(C)(C)O,CC(C)(C)O@299.4393002,0.8375974919750016,0.9340299317885007,0.36325510081427637,0.309715591,True,False
1-pentanol,298.16,0.291,-1.234432012,CCCCCO,acs.iecr.2c03342,CCCCCO,CCCCCO@298.16,0.5262998663749988,0.787058224108499,0.33752257931632423,0.291,True,False
3-methyl-1-butanol (isoamyl alcohol),296.16,0.273,-1.298283484,CC(C)CCO[Si](C)(C)C(C)(C)C,acs.iecr.2c03342,CC(C)CCO[Si](C)(C)C(C)(C)C,CC(C)CCO[Si](C)(C)C(C)(C)C@296.16,0.7526082683549994,0.9228430673974991,0.44571144959982745,0.273,True,False
1-hexanol,298.16,0.216,-1.532476871,CCCCCCO,acs.iecr.2c03342,CCCCCCO,CCCCCCO@298.16,0.6735575332624981,0.8947192877624991,0.4585761084513575,0.216,True,False
1-heptanol,298.16,0.172,-1.760260802,CCCCCCCO,acs.iecr.2c03342,CCCCCCCO,CCCCCCCO@298.16,0.40297533391749935,0.4972104950314994,0.23650079759914916,0.172,True,False
1-octanol,297.16,0.138,-1.980501594,CCCCCCCCO,acs.iecr.2c03342,CCCCCCCCO,CCCCCCCCO@297.16,0.2075615572175003,0.310047855872,0.1199139068636689,0.138,True,False
1-octanol,298.16,0.142,-1.951928221,CCCCCCCCO,acs.iecr.2c03342,CCCCCCCCO,CCCCCCCCO@298.16,0.20675820479750026,0.3131630595090001,0.11447813191702652,0.142,True,False
ethylene glycol,298.0,0.0832,-2.486507931,C(CO)O,acs.iecr.2c03342,OCCO,OCCO@298.0,0.509610504687501,0.3912223218530004,0.16105386032406518,0.0832,True,False
ethylene glycol,298.16,0.0961,-2.342365963,C(CO)O,acs.iecr.2c03342,OCCO,OCCO@298.16,0.5151283776800009,0.39597235483400056,0.15858401490205373,0.0961,False,True
"1,3-butanediol",297.36,0.106,-2.244316185,CC(CCO)O,acs.iecr.2c03342,CC(O)CCO,CC(O)CCO@297.36,0.8626770463225,0.47587545117950014,0.18444243413808642,0.106,False,True
hexylene glycol,297.36,0.235,-1.448169765,CC(CC(C)(C)O)O,acs.iecr.2c03342,CC(O)CC(C)(C)O,CC(O)CC(C)(C)O@297.36,0.8200370306450016,0.7133806373729998,0.24992493743333316,0.235,True,False
glycerol,295.0867249,0.001115315,-6.798617994,C(C(CO)O)O,acs.iecr.2c03342,OCC(O)CO,OCC(O)CO@295.0867249,0.021004663079999947,0.010691847895000002,0.007118230280711177,0.001115315,True,False
glycerol,296.8574265,0.001886035,-6.27327868,C(C(CO)O)O,acs.iecr.2c03342,OCC(O)CO,OCC(O)CO@296.8574265,0.01820198400750005,0.008240986745500004,0.0016709892568511089,0.001886035,False,True
glycerol,297.948405,0.00135668,-6.602715055,C(C(CO)O)O,acs.iecr.2c03342,OCC(O)CO,OCC(O)CO@297.948405,0.01830656433500005,0.006876967690000001,0.003020218300339919,0.00135668,True,False
glycerol,298.1513194,0.00232274,-6.065007771,C(C(CO)O)O,acs.iecr.2c03342,OCC(O)CO,OCC(O)CO@298.1513194,0.01720962097249994,0.007740512187500005,0.0034137257803408478,0.00232274,True,False
glycerol,298.16,0.00173,-6.35963387,C(C(CO)O)O,acs.iecr.2c03342,OCC(O)CO,OCC(O)CO@298.16,0.017034762672499926,0.0077996037055000035,0.0036897331997149696,0.00173,True,False
glycerol,298.4956476,0.002017271,-6.206009914,C(C(CO)O)O,acs.iecr.2c03342,OCC(O)CO,OCC(O)CO@298.4956476,0.017034762672499926,0.008582047478999995,0.004361058191984076,0.002017271,False,True
glycerol,299.16,0.002547668,-5.972576791,C(C(CO)O)O,acs.iecr.2c03342,OCC(O)CO,OCC(O)CO@299.16,0.01942041524,0.009210460106000008,0.00496763356805329,0.002547668,True,False
glycerol,299.8556668,0.001733091,-6.357848475,C(C(CO)O)O,acs.iecr.2c03342,OCC(O)CO,OCC(O)CO@299.8556668,0.01942041524,0.010333253383000004,0.003873305442899452,0.001733091,False,True
acetic acid,298.16,1.19,0.1739533071234379,CC(=O)O,acs.iecr.2c03342,CC(=O)O,CC(=O)O@298.16,1.0042014372799997,1.0246371495669993,0.06763894104791769,1.19,True,False
isobutyric acid,299.479,0.826,-0.191160505,CC(C)C(=O)O,acs.iecr.2c03342,CC(C)C(=O)O,CC(C)C(=O)O@299.479,0.8142530266099984,1.1025718587989983,0.2581958800106915,0.826,True,False
octanoic acid,298.16,0.221,-1.509592577,CCCCCCCC(=O)O,acs.iecr.2c03342,CCCCCCCC(=O)O,CCCCCCCC(=O)O@298.16,0.442961094695,0.6293424597455004,0.19372662680800326,0.221,True,False
nonanoic acid,298.16,0.156,-1.857899272,CCCCCCCCC(=O)O,acs.iecr.2c03342,CCCCCCCCC(=O)O,CCCCCCCCC(=O)O@298.16,0.39547454154999995,0.4693393968980003,0.16008522126784278,0.156,True,False
oleic acid,298.16,0.038758403,-3.2504077,CCCCCCCCC=CCCCCCCCC(=O)O,acs.iecr.2c03342,CCCCCCCCC=CCCCCCCCC(=O)O,CCCCCCCCC=CCCCCCCCC(=O)O@298.16,0.5856030389149999,0.3202943321420003,0.13035310316443635,0.038758403,False,True
asclepic acid,298.16,0.039108044,-3.241427097,CCCCCCC=CCCCCCCCCCC(=O)O,acs.iecr.2c03342,CCCCCCC=CCCCCCCCCCC(=O)O,CCCCCCC=CCCCCCCCCCC(=O)O@298.16,0.5899077849625,0.2804400357795002,0.135586330883763,0.039108044,False,True
water,295.16,2.248239011,0.810147248,O,acs.iecr.2c03342,O,O@295.16,2.0241984747599973,2.1447451651900002,0.0720690997380366,2.248239011,False,True
water,295.2766277,1.916431784,0.6504650108927548,O,acs.iecr.2c03342,O,O@295.2766277,2.0233854505849975,2.0999069405379993,0.0684141280049177,1.916431784,True,False
water,295.66,2.209416696,0.792728542,O,acs.iecr.2c03342,O,O@295.66,2.1540785685075,2.1593256458080003,0.03301265409236505,2.209416696,True,False
water,295.974321,1.95774365,0.6717926109741972,O,acs.iecr.2c03342,O,O@295.974321,2.1219720903199994,2.1453330749934993,0.04559496032250493,1.95774365,True,False
water,296.16,2.353581162,0.8559380671138779,O,acs.iecr.2c03342,O,O@296.16,2.2455142934675014,2.2112711530060003,0.035524270462315675,2.353581162,True,False
water,296.66,2.428758891,0.8873803825372082,O,acs.iecr.2c03342,O,O@296.66,2.324485571984998,2.267145494654998,0.035457864822188205,2.428758891,True,False
water,296.8348215,2.10361233,0.743656024,O,acs.iecr.2c03342,O,O@296.8348215,2.321369790969998,2.2470669519819984,0.03761597264182004,2.10361233,False,True
water,297.06,2.29,0.8285518175661483,O,acs.iecr.2c03342,O,O@297.06,2.294102167607501,2.263247005837001,0.026888491909861197,2.29,True,False
water,297.26,2.398487253,0.8748382272128961,O,acs.iecr.2c03342,O,O@297.26,2.2827048411550006,2.261186489709501,0.03232629837768458,2.398487253,True,False
water,297.3,2.16,0.7701082216960737,O,acs.iecr.2c03342,O,O@297.3,2.245300796987501,2.246486315312501,0.03412964911812509,2.16,True,False
water,297.550068,2.036413423,0.7111901347523237,O,acs.iecr.2c03342,O,O@297.550068,2.1943665980524996,2.2143396147865007,0.048857747554499086,2.036413423,True,False
water,297.66,2.398582177,0.8748778033044831,O,acs.iecr.2c03342,O,O@297.66,2.2529444381424986,2.2434268388245,0.05795814009196162,2.398582177,True,False
water,297.6660256,1.988099813,0.6871793146129043,O,acs.iecr.2c03342,O,O@297.6660256,2.185504647785001,2.209402065447501,0.05611602006779509,1.988099813,True,False
water,298.0,2.64,0.9707789171582248,O,acs.iecr.2c03342,O,O@298.0,2.3856326920074973,2.377756202044498,0.033224050063723726,2.64,True,False
water,298.15,2.268,0.8188983858655056,O,acs.iecr.2c03342,O,O@298.15,2.2956827209799995,2.3176391584425,0.019565594353306483,2.268,True,False
water,298.16,2.356450814,0.8571565948950693,O,acs.iecr.2c03342,O,O@298.16,2.3039769027100006,2.3275927148560016,0.017117041660044983,2.356450814,True,False
water,298.2,2.208333333,0.7922380832041747,O,acs.iecr.2c03342,O,O@298.2,2.29149320997,2.3208424691165006,0.021985279898583,2.208333333,True,False
water,298.66,2.3,0.8329091229351039,O,acs.iecr.2c03342,O,O@298.66,2.322124170305002,2.355416483791503,0.013897971560689068,2.3,True,False
water,298.76,2.468921328,0.9037813458344948,O,acs.iecr.2c03342,O,O@298.76,2.3878765783825044,2.392280856728503,0.022598442999307786,2.468921328,True,False
water,299.2,2.55818032,0.9392961930613114,O,acs.iecr.2c03342,O,O@299.2,2.4396946711300043,2.4345053577330025,0.024243249557353172,2.55818032,True,False
water,299.36,2.477958152,0.9074348954391512,O,acs.iecr.2c03342,O,O@299.36,2.4340541403750042,2.4243889795710016,0.022885535181639896,2.477958152,False,True
water,299.66,2.37,0.8628899551470398,O,acs.iecr.2c03342,O,O@299.66,2.3853039159725,2.3887825805505014,0.015261537235607796,2.37,False,True
water,299.7373271,2.341648053,0.8508549777634078,O,acs.iecr.2c03342,O,O@299.7373271,2.3853039159725,2.3861924495335005,0.01678606629535512,2.341648053,True,False
water,299.86,2.47806257,0.9074770329112776,O,acs.iecr.2c03342,O,O@299.86,2.3853039159725,2.411926420341003,0.009997330163393065,2.47806257,False,True
